,Id,articles_counts,day,lesbarkeit,month,polarity,subjectivity,thread_counts,word_counts,year
0,article_10p0.txt,1,20,47.83,10,0.1650793650793651,0.2261904761904762,206,984,2019
1,article_10p1.txt,1,18,59.87,10,0.09642276422764227,0.22113821138211381,629,938,2019
2,article_10p2.txt,1,17,56.08,10,-0.09333333333333332,0.06666666666666667,383,355,2019
3,article_10p3.txt,1,16,35.0,10,-0.3491666666666666,0.016666666666666666,57,387,2019
4,article_10p4.txt,1,10,41.9,11,0.12499999999999997,0.047619047619047616,0,374,2019
5,article_10p5.txt,1,10,50.57,11,0.048076923076923066,0.15384615384615385,183,476,2019
6,article_10p6.txt,1,10,65.83,10,0.16386554621848742,0.09201680672268907,122,1651,2019
7,article_10p7.txt,1,10,45.35,9,-0.044000000000000004,0.12,45,368,2019
8,article_10p8.txt,1,10,52.49,9,-0.016279069767441867,0.09999999999999999,20,712,2019
9,article_10p9.txt,1,10,43.63,9,0.08275862068965519,0.10344827586206896,156,426,2019
10,article_11p0.txt,1,10,50.57,8,0.08421052631578947,0.0,53,331,2019
11,article_11p1.txt,1,10,51.28,8,-0.026190476190476195,0.12380952380952383,137,1042,2019
12,article_11p2.txt,1,10,45.29,8,0.06444444444444444,0.08888888888888888,106,337,2019
13,article_11p3.txt,1,10,51.58,7,-0.031089743589743587,0.02564102564102564,122,868,2019
14,article_11p4.txt,1,10,47.08,7,0.11166666666666666,0.14166666666666666,117,267,2019
15,article_11p5.txt,1,10,49.04,7,-0.0233974358974359,0.07179487179487179,286,747,2019
16,article_11p6.txt,1,10,45.59,6,0.19803921568627447,0.0196078431372549,279,333,2019
17,article_11p7.txt,1,10,49.86,6,0.05753968253968254,0.06746031746031747,76,814,2019
18,article_11p8.txt,1,10,47.83,2,0.08935185185185184,0.08703703703703704,723,1028,2019
19,article_11p9.txt,1,10,48.23,2,0.04047619047619048,0.09523809523809523,0,368,2019
20,article_12p0.txt,1,10,58.42,2,-0.09166666666666666,0.2361111111111111,29,297,2019
21,article_12p1.txt,1,10,48.64,2,0.13,0.06666666666666667,0,292,2019
22,article_12p2.txt,1,30,46.57,9,0.1627450980392157,0.0196078431372549,32,260,2019
23,article_12p3.txt,1,29,37.57,9,0.11938271604938272,0.07962962962962963,1251,1132,2019
24,article_12p4.txt,1,29,53.41,9,-0.060416666666666674,0.20833333333333334,0,428,2019
25,article_12p5.txt,1,28,61.77,9,0.16277777777777777,0.08333333333333333,345,610,2019
26,article_12p6.txt,1,27,29.25,9,0.18802083333333336,0.07291666666666666,0,336,2019
27,article_12p7.txt,1,27,55.17,9,0.06451612903225806,0.13709677419354838,331,661,2019
28,article_12p8.txt,1,27,24.18,9,0.20972222222222223,0.041666666666666664,10,235,2019
29,article_12p9.txt,1,26,52.6,9,0.10384615384615384,0.19230769230769232,0,223,2019
30,article_13p0.txt,1,26,63.32,9,-0.11470588235294117,0.11764705882352941,86,272,2019
31,article_13p1.txt,1,25,42.51,9,0.2513020833333333,0.11197916666666667,0,465,2019
32,article_13p2.txt,1,25,63.9,9,0.10092592592592592,0.14814814814814814,0,269,2019
33,article_13p3.txt,1,25,58.92,9,0.03801498127340822,0.08014981273408239,28,1394,2019
34,article_13p4.txt,1,25,54.42,9,-0.008974358974358977,0.02564102564102564,62,202,2019
35,article_13p5.txt,1,25,50.06,9,0.13666666666666666,0.03333333333333333,13,275,2019
36,article_13p6.txt,1,25,46.2,9,0.3125,0.16999999999999998,0,349,2019
37,article_13p7.txt,1,25,58.21,9,0.01007462686567164,0.13557213930348258,183,1160,2019
38,article_13p8.txt,1,24,49.04,9,0.0632183908045977,0.14367816091954022,42,512,2019
39,article_13p9.txt,1,24,45.09,9,0.04190476190476191,0.23809523809523805,280,731,2019
40,article_14p0.txt,1,24,55.07,9,0.11153846153846153,0.0641025641025641,90,715,2019
41,article_14p1.txt,1,24,52.49,9,-0.03565891472868217,0.18139534883720929,32,723,2019
42,article_14p2.txt,1,24,58.01,9,0.15650406504065043,0.008130081300813007,337,737,2019
43,article_14p3.txt,1,24,46.0,9,0.03154761904761904,0.15952380952380954,296,580,2019
44,article_14p4.txt,1,23,57.5,9,0.1361581920903955,0.11016949152542373,101,1133,2019
45,article_14p5.txt,1,23,46.64,9,0.1099206349206349,0.06746031746031746,74,919,2019
46,article_14p7.txt,1,23,42.14,9,0.16999999999999998,0.06666666666666667,56,231,2019
47,article_14p8.txt,1,23,39.3,9,-0.02416666666666667,0.16666666666666666,730,477,2019
48,article_14p9.txt,1,23,47.32,9,0.2515046296296296,0.10787037037037035,42,1298,2019
49,article_15p0.txt,1,23,60.04,9,0.05797101449275363,0.06521739130434782,50,884,2019
50,article_15p1.txt,1,23,54.63,9,0.1703030303030303,0.0903030303030303,34,914,2019
51,article_15p2.txt,1,23,46.51,9,-0.1056818181818182,0.20454545454545456,50,419,2019
52,article_15p3.txt,1,22,60.24,9,0.18000000000000002,0.06666666666666667,0,273,2019
53,article_15p4.txt,1,22,57.71,9,0.12625,0.09583333333333333,108,702,2019
54,article_15p5.txt,1,22,56.89,9,-0.046,0.14,50,411,2019
55,article_15p6.txt,1,22,61.67,9,0.1736111111111111,0.17513227513227514,0,1120,2019
56,article_15p7.txt,1,22,45.19,9,0.12833333333333333,0.016666666666666666,110,338,2019
57,article_15p8.txt,1,22,46.81,9,0.3854166666666667,0.05208333333333333,89,366,2019
58,article_15p9.txt,1,22,42.55,9,-0.03333333333333332,0.047619047619047616,94,427,2019
59,article_16p0.txt,1,22,53.0,9,0.11505376344086023,0.14946236559139783,456,1108,2019
60,article_16p1.txt,1,22,34.02,9,0.20238095238095236,0.047619047619047616,103,334,2019
61,article_16p2.txt,1,21,41.94,9,0.07121212121212121,0.12424242424242422,169,409,2019
62,article_16p3.txt,1,21,46.61,9,0.12713178294573646,0.10193798449612403,188,791,2019
63,article_16p4.txt,1,21,52.29,9,0.09805555555555553,0.0736111111111111,13,1819,2019
64,article_16p5.txt,1,21,46.2,9,-0.010894308943089438,0.14065040650406505,98,851,2019
65,article_16p6.txt,1,21,47.01,9,0.0967948717948718,0.04358974358974359,69,459,2019
66,article_16p7.txt,1,21,60.75,9,0.13333333333333333,0.17136150234741784,149,1216,2019
67,article_16p8.txt,1,21,39.06,9,0.04722222222222223,0.06111111111111111,21,638,2019
68,article_16p9.txt,1,21,50.46,9,0.06805555555555556,0.09444444444444444,343,1351,2019
69,article_17p0.txt,1,20,48.74,9,0.10623655913978494,0.17096774193548386,270,585,2019
70,article_17p1.txt,1,20,55.68,9,0.20682624113475173,0.08085106382978723,45,957,2019
71,article_17p2.txt,1,20,53.0,9,0.09791666666666665,0.06583333333333333,63,659,2019
72,article_17p3.txt,1,20,56.96,9,0.1465909090909091,0.0,94,615,2019
73,article_17p4.txt,1,20,46.51,9,0.15904255319148933,0.14095744680851063,328,1738,2019
74,article_17p5.txt,1,20,51.99,9,0.06171875000000001,0.13125,135,964,2019
75,article_17p6.txt,1,20,49.65,9,-0.06050724637681159,0.09057971014492754,107,711,2019
76,article_17p7.txt,1,20,40.62,9,-0.010807291666666673,0.07604166666666667,50,1155,2019
77,article_17p8.txt,1,20,45.39,9,0.08238095238095237,0.1468253968253968,79,828,2019
78,article_17p9.txt,1,20,29.89,9,0.31666666666666665,0.08333333333333333,31,98,2019
79,article_18p0.txt,1,20,38.15,9,0.07202380952380952,0.047619047619047616,387,540,2019
80,article_18p1.txt,1,20,62.88,9,0.155188679245283,0.13364779874213836,124,859,2019
81,article_18p2.txt,1,20,50.77,9,0.08070175438596493,0.10087719298245613,146,723,2019
82,article_18p3.txt,1,20,51.89,9,-0.0180952380952381,0.10952380952380951,85,664,2019
83,article_18p5.txt,1,19,53.21,9,0.05537634408602152,0.1075268817204301,0,544,2019
84,article_18p6.txt,1,19,60.55,9,0.11698113207547167,0.08301886792452831,35,956,2019
85,article_18p7.txt,1,19,46.4,9,0.08245614035087719,0.07017543859649122,0,471,2019
86,article_18p8.txt,1,19,49.45,9,0.02615384615384615,0.035897435897435895,49,1239,2019
87,article_18p9.txt,1,19,57.91,9,0.10937499999999999,0.16145833333333334,13,607,2019
88,article_19p0.txt,1,19,50.67,9,0.03506600660066008,0.11402640264026404,216,1731,2019
89,article_19p1.txt,1,19,60.75,9,0.11973684210526316,0.10219298245614035,213,722,2019
90,article_19p2.txt,1,19,47.52,9,0.008838383838383854,0.15555555555555553,41,761,2019
91,article_19p3.txt,1,19,46.57,9,0.14305555555555557,0.06944444444444443,12,375,2019
92,article_19p4.txt,1,19,47.93,9,0.02777777777777777,0.04938271604938271,95,511,2019
93,article_19p5.txt,1,19,48.74,9,0.049444444444444444,0.08888888888888888,43,563,2019
94,article_19p6.txt,1,18,57.3,9,0.08034188034188033,0.11965811965811965,23,698,2019
95,article_19p7.txt,1,18,57.71,9,0.030357142857142853,0.10702380952380952,248,1100,2019
96,article_19p8.txt,1,18,51.48,9,0.051041666666666666,0.078125,33,573,2019
97,article_19p9.txt,1,18,51.99,9,0.11858974358974363,0.05128205128205128,0,1107,2019
98,article_1p0.txt,1,15,54.32,12,-0.024497991967871485,0.10120481927710843,87,1136,2019
99,article_1p1.txt,1,15,44.88,12,-0.04775510204081632,0.11904761904761904,76,917,2019
100,article_1p10.txt,1,13,56.49,12,0.07203389830508475,0.10734463276836159,84,1117,2019
101,article_1p11.txt,1,13,54.02,12,0.007407407407407397,0.018518518518518517,82,378,2019
102,article_1p12.txt,1,12,54.73,12,0.10095785440613027,0.09080459770114942,32,1342,2019
103,article_1p13.txt,1,12,56.08,12,-0.019776785714285722,0.08392857142857144,24,994,2019
104,article_1p14.txt,1,12,55.34,12,-0.05897435897435897,0.1544871794871795,20,770,2019
105,article_1p15.txt,1,12,49.25,11,0.09166666666666667,0.09523809523809523,53,815,2019
106,article_1p16.txt,1,12,60.04,11,0.0661764705882353,0.15816993464052287,74,892,2019
107,article_1p17.txt,1,12,39.6,11,0.20114942528735635,0.011494252873563218,250,627,2019
108,article_1p18.txt,1,12,39.6,11,0.2329268292682926,0.08130081300813008,81,945,2019
109,article_1p19.txt,1,12,29.93,11,0.04009009009009009,0.04054054054054054,545,621,2019
110,article_1p2.txt,1,15,55.41,12,0.4246666666666667,0.09166666666666666,0,452,2019
111,article_1p3.txt,1,15,52.19,12,-0.10000000000000002,0.3333333333333333,121,57,2019
112,article_1p4.txt,1,15,29.32,12,-0.05000000000000001,0.05555555555555555,90,166,2019
113,article_1p5.txt,1,15,43.53,12,-0.159375,0.1875,150,288,2019
114,article_1p6.txt,1,15,50.8,12,0.08174603174603175,0.15079365079365079,213,432,2019
115,article_1p7.txt,1,15,51.89,12,-0.07,0.11,50,506,2019
116,article_1p8.txt,1,14,62.98,12,0.04843749999999999,0.15916666666666668,160,1190,2019
117,article_20p0.txt,1,18,42.92,9,0.1650537634408602,0.01075268817204301,57,597,2019
118,article_20p1.txt,1,18,48.03,9,0.141025641025641,0.05128205128205128,84,511,2019
119,article_20p2.txt,1,17,65.73,9,0.12995169082125604,0.07004830917874395,59,930,2019
120,article_20p3.txt,1,17,50.97,9,0.09126016260162603,0.12682926829268293,161,1575,2019
121,article_20p5.txt,1,16,52.83,9,-0.020486111111111108,0.09444444444444444,54,991,2019
122,article_20p6.txt,1,16,47.62,9,0.19786324786324788,0.09572649572649573,427,731,2019
123,article_20p7.txt,1,16,48.43,9,0.024731182795698924,0.026881720430107524,22,477,2019
124,article_20p8.txt,1,16,59.43,9,0.0953703703703704,0.0962962962962963,17,772,2019
125,article_20p9.txt,1,16,59.03,9,0.1496913580246913,0.16450617283950617,336,1030,2019
126,article_21p0.txt,1,15,50.46,9,0.16138211382113823,0.03252032520325203,118,687,2019
127,article_21p1.txt,1,15,53.95,9,0.10882352941176468,0.10294117647058823,132,204,2019
128,article_21p2.txt,1,14,42.11,9,0.14999999999999997,0.07142857142857142,155,248,2019
129,article_21p3.txt,1,14,48.03,9,0.278030303030303,0.07424242424242423,56,443,2019
130,article_21p4.txt,1,13,45.73,9,-0.045555555555555544,0.04444444444444444,433,306,2019
131,article_21p5.txt,1,13,60.35,9,0.04826388888888888,0.07638888888888888,0,818,2019
132,article_21p6.txt,1,13,41.19,9,-0.02857142857142858,0.03571428571428571,47,281,2019
133,article_21p7.txt,1,13,38.79,9,0.11323529411764705,0.10588235294117647,24,324,2019
134,article_21p8.txt,1,13,43.12,9,0.12727272727272726,0.0,37,197,2019
135,article_21p9.txt,1,13,44.11,9,0.3105263157894737,0.0,91,321,2019
136,article_22p0.txt,1,13,50.77,9,0.33571428571428574,0.03571428571428571,223,266,2019
137,article_22p1.txt,1,9,51.28,12,0.09858156028368793,0.005319148936170213,139,835,2019
138,article_22p2.txt,1,9,50.16,12,0.09999999999999999,0.15625,99,484,2019
139,article_22p4.txt,1,9,53.61,11,0.02321428571428571,0.125,12,388,2019
140,article_22p5.txt,1,9,38.05,11,0.31666666666666665,0.0,0,172,2019
141,article_22p6.txt,1,9,55.44,11,0.14210526315789476,0.017543859649122806,114,838,2019
142,article_22p7.txt,1,9,52.73,10,0.32910256410256405,0.14743589743589744,170,512,2019
143,article_22p8.txt,1,9,54.12,9,-0.07105263157894735,0.02631578947368421,163,291,2019
144,article_22p9.txt,1,9,44.48,8,-0.05,0.12727272727272726,88,989,2019
145,article_23p0.txt,1,9,62.27,7,0.1519230769230769,0.16025641025641024,403,826,2019
146,article_23p1.txt,1,9,54.22,5,0.12547169811320755,0.05660377358490566,73,786,2019
147,article_23p2.txt,1,9,47.62,5,0.11428571428571428,0.19047619047619047,90,453,2019
148,article_23p3.txt,1,9,52.8,5,0.36818181818181817,0.13636363636363635,81,185,2019
149,article_23p4.txt,1,9,53.21,4,-0.0030000000000000027,0.027999999999999997,88,792,2019
150,article_23p5.txt,1,9,45.9,3,0.0037037037037036904,0.0,41,509,2019
151,article_23p6.txt,1,9,72.76,2,0.15912162162162158,0.09909909909909911,224,1138,2019
152,article_23p7.txt,1,31,51.18,8,-0.10765027322404373,0.08196721311475408,750,1230,2019
153,article_23p8.txt,1,30,50.57,8,0.07173913043478261,0.06521739130434782,70,372,2019
154,article_23p9.txt,1,30,52.19,8,0.1629032258064516,0.08064516129032258,66,537,2019
155,article_24p0.txt,1,29,57.47,8,-0.1390625,0.03125,57,429,2019
156,article_24p1.txt,1,25,49.86,8,0.12575757575757576,0.07575757575757576,138,599,2019
157,article_24p2.txt,1,21,60.65,8,0.012760416666666677,0.13997395833333331,0,1191,2019
158,article_24p3.txt,1,20,51.41,8,0.04166666666666666,0.08333333333333333,58,337,2019
159,article_24p4.txt,1,20,42.04,8,0.04999999999999999,0.0,0,292,2019
160,article_24p5.txt,1,14,60.45,8,0.06271929824561404,0.05263157894736842,19,578,2019
161,article_24p6.txt,1,14,48.54,8,0.25357142857142856,0.21428571428571427,15,251,2019
162,article_24p7.txt,1,8,53.92,12,0.05192307692307693,0.16346153846153846,195,800,2019
163,article_24p8.txt,1,8,51.78,12,0.17400000000000002,0.04,29,389,2019
164,article_24p9.txt,1,8,48.33,12,0.1129032258064516,0.0967741935483871,258,1104,2019
165,article_25p0.txt,1,8,50.3,11,0.08687830687830689,0.06947089947089947,423,996,2019
166,article_25p1.txt,1,8,39.87,9,0.048333333333333325,0.08333333333333333,0,528,2019
167,article_25p2.txt,1,8,59.23,8,0.02565789473684211,0.08771929824561403,170,719,2019
168,article_25p3.txt,1,8,66.03,8,0.056737588652482254,0.12411347517730496,77,644,2019
169,article_25p4.txt,1,8,50.16,8,0.10499999999999998,0.11666666666666667,25,421,2019
170,article_25p5.txt,1,8,35.0,8,0.1424242424242424,0.09090909090909091,315,669,2019
171,article_25p6.txt,1,8,50.06,4,-0.021773049645390074,0.031914893617021274,229,848,2019
172,article_25p7.txt,1,8,25.29,2,0.07368421052631578,0.0,19,275,2019
173,article_25p8.txt,1,8,52.9,2,0.05701754385964912,0.13157894736842105,278,641,2019
174,article_25p9.txt,1,8,50.67,2,0.0026315789473684236,0.14473684210526316,191,678,2019
175,article_26p0.txt,1,8,38.05,1,0.06395348837209303,0.1356589147286822,142,763,2019
176,article_26p1.txt,1,31,49.96,7,0.11944444444444444,0.09722222222222222,120,700,2019
177,article_26p2.txt,1,31,60.85,7,0.021428571428571425,0.05357142857142857,106,470,2019
178,article_26p3.txt,1,30,49.89,7,0.05579268292682926,0.12560975609756098,453,958,2019
179,article_26p4.txt,1,30,71.24,7,0.007882882882882879,0.17567567567567569,581,473,2019
180,article_26p5.txt,1,29,42.34,7,0.09935897435897435,0.09829059829059829,112,842,2019
181,article_26p6.txt,1,28,58.01,7,0.07411347517730496,0.11702127659574468,117,782,2019
182,article_26p7.txt,1,26,49.55,7,0.0015624999999999944,0.19999999999999998,495,654,2019
183,article_26p8.txt,1,25,56.29,7,0.07088607594936708,0.1561181434599156,181,1073,2019
184,article_26p9.txt,1,24,50.57,7,0.07222222222222223,0.05802469135802469,205,457,2019
185,article_27p0.txt,1,24,40.08,7,-0.11029411764705882,0.0,515,388,2019
186,article_27p1.txt,1,24,44.98,7,-0.043333333333333335,0.11555555555555556,15,262,2019
187,article_27p2.txt,1,19,50.87,7,0.1921052631578947,0.10526315789473684,110,368,2019
188,article_27p3.txt,1,18,60.04,7,0.12717391304347825,0.043478260869565216,15,727,2019
189,article_27p5.txt,1,14,56.69,7,0.0973404255319149,0.06382978723404255,730,878,2019
190,article_27p6.txt,1,13,48.23,7,0.010810810810810815,0.08108108108108109,187,646,2019
191,article_27p7.txt,1,7,63.63,12,0.0,0.058823529411764705,271,344,2019
192,article_27p8.txt,1,7,59.23,12,0.10277777777777779,0.07407407407407407,46,509,2019
193,article_28p0.txt,1,7,63.19,12,0.22794117647058826,0.17647058823529413,228,499,2019
194,article_28p1.txt,1,7,17.34,10,0.41666666666666663,0.02564102564102564,0,228,2019
195,article_28p2.txt,1,7,58.01,10,0.017391304347826094,0.13043478260869565,0,432,2019
196,article_28p3.txt,1,7,51.78,9,-0.09999999999999999,0.07142857142857142,182,175,2019
197,article_28p4.txt,1,7,45.66,8,-0.08695652173913043,0.0,33,322,2019
198,article_28p5.txt,1,7,59.53,7,0.17777777777777776,0.12393162393162395,113,790,2019
199,article_28p6.txt,1,7,59.23,7,-0.1149122807017544,0.09473684210526316,0,328,2019
200,article_28p7.txt,1,7,53.14,6,0.17307692307692307,0.12307692307692307,0,238,2019
201,article_28p8.txt,1,7,36.25,6,0.008547008547008544,0.05128205128205128,177,697,2019
202,article_28p9.txt,1,7,61.16,4,-0.065625,0.11875,222,520,2019
203,article_29p0.txt,1,7,41.94,2,0.31666666666666665,0.0,0,233,2019
204,article_29p1.txt,1,7,50.57,2,0.12999999999999998,0.03666666666666667,0,391,2019
205,article_29p2.txt,1,7,58.82,1,0.06111111111111111,0.18395061728395062,155,540,2019
206,article_29p3.txt,1,30,50.5,6,0.05384615384615384,0.0,357,262,2019
207,article_29p4.txt,1,30,49.15,6,0.23437499999999997,0.11979166666666667,340,755,2019
208,article_29p5.txt,1,29,73.17,6,0.09472815040650401,0.06300813008130082,0,2210,2019
209,article_29p6.txt,1,29,50.77,6,0.1880952380952381,0.12380952380952381,0,368,2019
210,article_29p7.txt,1,29,36.32,6,0.16375,0.02,14,766,2019
211,article_29p8.txt,1,28,52.19,6,0.10789473684210525,0.0,152,305,2019
212,article_29p9.txt,1,27,56.25,6,0.14772727272727273,0.0,0,316,2019
213,article_2p0.txt,1,12,33.07,11,-0.1,0.04684684684684684,85,680,2019
214,article_2p1.txt,1,12,46.61,10,-0.015000000000000003,0.0,0,392,2019
215,article_2p2.txt,1,12,28.85,10,0.0,0.125,0,168,2019
216,article_2p3.txt,1,12,59.94,10,-0.025,0.11538461538461539,201,807,2019
217,article_2p4.txt,1,12,59.23,9,0.023639455782312913,0.18197278911564624,41,860,2019
218,article_2p5.txt,1,12,56.08,9,-0.03488372093023256,0.08139534883720931,95,711,2019
219,article_2p6.txt,1,12,53.21,9,0.1375,0.09375,0,270,2019
220,article_2p7.txt,1,12,63.19,8,-0.01506024096385544,0.10240963855421686,0,992,2019
221,article_2p8.txt,1,12,57.81,8,0.05776881720430107,0.16612903225806452,91,1101,2019
222,article_2p9.txt,1,12,52.39,7,-0.006388888888888892,0.06111111111111111,29,490,2019
223,article_30p0.txt,1,27,57.3,6,0.034166666666666665,0.18555555555555556,117,580,2019
224,article_30p1.txt,1,27,61.56,6,0.12931034482758622,0.1206896551724138,69,477,2019
225,article_30p2.txt,1,27,41.13,6,0.14893617021276598,0.08085106382978723,30,1017,2019
226,article_30p3.txt,1,26,46.1,6,0.06805555555555555,0.11458333333333333,66,853,2019
227,article_30p4.txt,1,25,63.7,6,0.09101562499999999,0.1453125,26,1032,2019
228,article_30p5.txt,1,23,56.39,6,0.15425925925925926,0.24444444444444444,577,862,2019
229,article_30p6.txt,1,22,57.57,6,0.14594594594594595,0.04054054054054054,300,481,2019
230,article_30p7.txt,1,22,60.04,6,-0.020588235294117647,0.0,57,216,2019
231,article_30p8.txt,1,20,49.86,6,0.07890625000000001,0.125,114,663,2019
232,article_30p9.txt,1,20,51.18,6,0.06964285714285713,0.14285714285714285,23,499,2019
233,article_31p0.txt,1,20,61.16,6,0.13863636363636364,0.03636363636363637,15,372,2019
234,article_31p1.txt,1,19,57.27,6,-0.29500000000000004,0.125,186,280,2019
235,article_31p2.txt,1,19,43.73,6,-0.05500000000000001,0.11666666666666667,0,474,2019
236,article_31p3.txt,1,18,44.37,6,0.029069767441860465,0.023255813953488372,0,807,2019
237,article_31p4.txt,1,18,47.52,6,0.018055555555555554,0.1111111111111111,18,308,2019
238,article_31p5.txt,1,18,47.12,6,0.0846153846153846,0.08974358974358974,31,707,2019
239,article_31p6.txt,1,17,36.56,6,0.24444444444444446,0.0,102,376,2019
240,article_31p7.txt,1,16,57.4,6,0.14047619047619048,0.08928571428571429,217,534,2019
241,article_31p8.txt,1,16,45.05,6,-0.07692307692307693,0.0,0,195,2019
242,article_31p9.txt,1,16,41.43,6,0.07500000000000001,0.13541666666666666,344,297,2019
243,article_32p0.txt,1,15,52.43,6,0.16874999999999998,0.0625,0,271,2019
244,article_32p1.txt,1,13,63.8,6,0.15694444444444447,0.10606060606060606,42,1055,2019
245,article_32p2.txt,1,6,49.55,12,0.04171874999999999,0.09375,0,636,2019
246,article_32p3.txt,1,6,45.59,12,0.08974358974358973,0.01282051282051282,70,487,2019
247,article_32p4.txt,1,6,40.18,12,-0.04035087719298246,0.05263157894736842,43,361,2019
248,article_32p5.txt,1,6,61.06,11,0.06148648648648648,0.07432432432432433,36,897,2019
249,article_32p6.txt,1,6,55.68,9,0.05052083333333334,0.0625,349,884,2019
250,article_32p7.txt,1,6,31.75,9,0.05123456790123457,0.037037037037037035,32,523,2019
251,article_32p8.txt,1,6,48.03,6,-0.14523809523809522,0.0,0,441,2019
252,article_32p9.txt,1,6,58.52,5,0.14,0.06,0,444,2019
253,article_33p0.txt,1,6,49.75,4,0.08828125,0.046875,230,603,2019
254,article_33p1.txt,1,6,58.01,2,0.08018518518518519,0.07999999999999999,554,845,2019
255,article_33p2.txt,1,6,48.54,1,-0.02065217391304348,0.15217391304347827,12,431,2019
256,article_33p3.txt,1,6,62.68,1,0.05640350877192984,0.14947368421052631,236,1589,2019
257,article_33p4.txt,1,31,42.14,5,0.036363636363636355,0.1318181818181818,11,440,2019
258,article_33p5.txt,1,31,37.54,5,0.06818181818181818,0.06818181818181818,80,404,2019
259,article_33p6.txt,1,29,49.45,5,0.008527131782945736,0.18139534883720929,123,811,2019
260,article_33p7.txt,1,29,48.94,5,0.09423076923076924,0.019230769230769232,214,490,2019
261,article_33p8.txt,1,28,38.39,5,0.08981481481481482,0.07870370370370369,0,788,2019
262,article_33p9.txt,1,27,58.82,5,0.06309523809523808,0.13988095238095238,35,393,2019
263,article_34p0.txt,1,27,59.23,5,0.18823529411764706,0.17647058823529413,0,328,2019
264,article_34p1.txt,1,26,51.18,5,-0.03829787234042554,0.07801418439716312,327,840,2019
265,article_34p2.txt,1,23,53.0,5,-0.07642276422764227,0.12439024390243901,188,733,2019
266,article_34p3.txt,1,21,50.97,5,0.17777777777777778,0.07407407407407407,0,444,2019
267,article_34p4.txt,1,21,44.78,5,0.06488095238095237,0.18452380952380953,35,979,2019
268,article_34p5.txt,1,19,60.04,5,0.05666666666666668,0.05769230769230768,127,826,2019
269,article_34p6.txt,1,17,46.61,5,0.028333333333333332,0.05,0,391,2019
270,article_34p7.txt,1,16,40.69,5,0.07777777777777778,0.0,38,154,2019
271,article_34p8.txt,1,14,54.32,5,-0.005000000000000001,0.08333333333333333,128,474,2019
272,article_34p9.txt,1,14,47.22,5,0.1962121212121212,0.17424242424242423,0,430,2019
273,article_35p0.txt,1,5,60.85,10,0.14655172413793102,0.017241379310344827,96,489,2019
274,article_35p1.txt,1,5,55.58,9,0.08350694444444444,0.11979166666666664,210,1015,2019
275,article_35p2.txt,1,5,60.85,8,-0.012499999999999994,0.0,29,359,2019
276,article_35p3.txt,1,5,53.31,8,-0.0013157894736842088,0.0,190,520,2019
277,article_35p4.txt,1,5,50.06,7,0.02543859649122808,0.10087719298245613,0,635,2019
278,article_35p5.txt,1,5,48.64,5,0.17495915032679737,0.049019607843137254,192,950,2019
279,article_35p6.txt,1,5,20.52,5,0.23333333333333328,0.1111111111111111,0,249,2019
280,article_35p7.txt,1,5,53.61,4,0.09150943396226416,0.07232704402515723,81,933,2019
281,article_35p8.txt,1,5,46.4,4,0.08423423423423422,0.08558558558558559,222,646,2019
282,article_35p9.txt,1,5,27.25,2,0.1,0.0,125,296,2019
283,article_36p0.txt,1,5,40.99,2,0.019999999999999997,0.0,71,300,2019
284,article_36p1.txt,1,30,61.36,4,-0.015517241379310346,0.15517241379310345,16,516,2019
285,article_36p2.txt,1,29,45.8,4,0.21644144144144142,0.02702702702702703,192,608,2019
286,article_36p3.txt,1,28,62.17,4,0.06802721088435373,0.05918367346938775,344,787,2019
287,article_36p4.txt,1,28,36.12,4,0.15294117647058822,0.058823529411764705,434,749,2019
288,article_36p5.txt,1,26,46.1,4,0.015909090909090907,0.022727272727272728,243,405,2019
289,article_36p6.txt,1,20,47.72,4,0.16153846153846152,0.07692307692307693,124,237,2019
290,article_36p7.txt,1,19,65.96,4,0.03192090395480226,0.13531073446327685,114,1097,2019
291,article_36p8.txt,1,14,54.93,4,0.08942307692307692,0.15051282051282047,445,981,2019
292,article_36p9.txt,1,4,45.49,12,0.034920634920634915,0.03968253968253968,57,438,2019
293,article_37p0.txt,1,4,49.45,10,-0.009375000000000001,0.0625,0,479,2019
294,article_37p1.txt,1,4,54.63,10,-0.0056603773584905665,0.05660377358490566,136,752,2019
295,article_37p2.txt,1,4,61.97,9,0.02580645161290322,0.03225806451612903,679,458,2019
296,article_37p3.txt,1,4,56.39,9,0.09074074074074075,0.05555555555555555,97,512,2019
297,article_37p4.txt,1,4,62.88,8,-0.11470588235294117,0.17647058823529413,0,268,2019
298,article_37p5.txt,1,4,36.76,8,-0.03333333333333333,0.14285714285714285,0,445,2019
299,article_37p6.txt,1,4,44.88,2,0.09516129032258065,0.06236559139784945,0,603,2019
300,article_37p7.txt,1,28,48.74,3,0.08333333333333333,0.05555555555555555,0,246,2019
301,article_37p8.txt,1,27,56.05,3,-0.00555555555555556,0.1388888888888889,70,258,2019
302,article_37p9.txt,1,26,58.01,3,-0.07,0.04,135,478,2019
303,article_38p1.txt,1,22,28.51,3,0.0,0.07692307692307693,0,275,2019
304,article_38p2.txt,1,21,46.3,3,0.08061224489795919,0.07482993197278912,340,1044,2019
305,article_38p3.txt,1,19,52.09,3,-0.10434782608695652,0.13043478260869565,0,363,2019
306,article_38p4.txt,1,18,52.39,3,-0.095,0.125,151,342,2019
307,article_38p5.txt,1,17,57.61,3,-0.05937499999999999,0.09375,112,308,2019
308,article_38p6.txt,1,15,48.84,3,0.029857142857142856,0.10076190476190476,92,496,2019
309,article_38p7.txt,1,14,38.25,3,0.006782945736434113,0.1178294573643411,270,954,2019
310,article_38p8.txt,1,13,57.4,3,0.1464285714285714,0.03571428571428571,72,266,2019
311,article_38p9.txt,1,3,55.78,8,0.024074074074074067,0.027160493827160497,661,408,2019
312,article_39p0.txt,1,3,59.94,4,-0.009166666666666667,0.11666666666666667,0,396,2019
313,article_39p1.txt,1,3,44.07,1,0.15053763440860213,0.08279569892473118,80,571,2019
314,article_39p2.txt,1,28,58.32,2,0.06923076923076923,0.13717948717948716,181,960,2019
315,article_39p3.txt,1,27,51.18,2,0.044230769230769226,0.0,249,419,2019
316,article_39p4.txt,1,26,51.99,2,-0.09523809523809525,0.0,0,249,2019
317,article_39p5.txt,1,24,42.61,2,0.08262411347517731,0.014893617021276595,252,852,2019
318,article_39p6.txt,1,21,33.78,2,-0.0066666666666666576,0.013333333333333334,113,460,2019
319,article_39p7.txt,1,15,54.46,2,0.02860360360360361,0.13963963963963966,143,657,2019
320,article_39p8.txt,1,2,65.12,8,0.07407407407407407,0.037037037037037035,30,367,2019
321,article_39p9.txt,1,2,51.31,8,0.12310606060606061,0.07196969696969696,305,822,2019
322,article_3p0.txt,1,12,53.41,7,0.03684210526315789,0.12280701754385966,35,306,2019
323,article_3p1.txt,1,12,57.61,7,0.09487179487179488,0.1282051282051282,0,242,2019
324,article_3p2.txt,1,12,58.01,6,-0.04796296296296296,0.12037037037037036,477,762,2019
325,article_3p3.txt,1,12,42.51,6,-0.07368421052631577,0.0,34,367,2019
326,article_3p4.txt,1,12,63.09,6,0.04622641509433961,0.2358490566037736,24,819,2019
327,article_3p5.txt,1,12,61.16,5,-0.1125,0.08333333333333333,67,369,2019
328,article_3p6.txt,1,12,58.28,5,0.13043478260869568,0.043478260869565216,634,286,2019
329,article_3p7.txt,1,12,60.35,5,0.018300653594771243,0.1568627450980392,255,831,2019
330,article_3p8.txt,1,12,38.25,4,0.13666666666666666,0.0761904761904762,102,658,2019
331,article_3p9.txt,1,12,49.65,4,-0.14130434782608695,0.043478260869565216,102,408,2019
332,article_40p0.txt,1,2,39.6,6,0.0923611111111111,0.15277777777777776,0,377,2019
333,article_40p1.txt,1,2,61.06,6,0.10714285714285712,0.21428571428571427,0,337,2019
334,article_40p2.txt,1,2,46.81,5,-0.03684210526315789,0.21052631578947367,0,390,2019
335,article_40p3.txt,1,2,48.54,3,0.021111111111111112,0.025185185185185185,702,930,2019
336,article_40p4.txt,1,29,53.14,1,0.03888888888888887,0.06296296296296296,156,983,2019
337,article_40p5.txt,1,29,57.5,1,-0.042361111111111106,0.12048611111111111,316,794,2019
338,article_40p6.txt,1,28,50.16,1,0.06666666666666667,0.038461538461538464,789,439,2019
339,article_40p7.txt,1,22,51.38,1,-0.07241379310344827,0.034482758620689655,380,415,2019
340,article_40p8.txt,1,18,49.65,1,0.06363636363636363,0.0,713,411,2019
341,article_40p9.txt,1,16,46.61,1,-0.1,0.0,307,471,2019
342,article_41p1.txt,1,16,53.92,1,-0.06296296296296296,0.037037037037037035,0,440,2019
343,article_41p2.txt,1,1,56.18,11,0.06825396825396825,0.015873015873015872,0,468,2019
344,article_41p3.txt,1,1,48.94,9,0.0942307692307692,0.09615384615384616,0,476,2019
345,article_41p4.txt,1,1,39.37,3,0.196969696969697,0.045454545454545456,67,396,2019
346,article_41p5.txt,1,23,52.8,12,0.08846153846153845,0.0923076923076923,197,847,2018
347,article_41p6.txt,1,20,49.35,12,0.2210526315789474,0.13157894736842105,0,349,2018
348,article_41p7.txt,1,18,65.93,12,-0.03333333333333333,0.03333333333333333,336,207,2018
349,article_41p8.txt,1,16,42.0,12,-0.13068181818181818,0.06818181818181818,46,732,2018
350,article_41p9.txt,1,15,49.96,12,0.031481481481481485,0.018518518518518517,123,511,2018
351,article_42p1.txt,1,15,60.45,12,0.037808641975308636,0.1611111111111111,163,1523,2018
352,article_42p2.txt,1,14,53.34,12,0.15657894736842104,0.05263157894736842,0,339,2018
353,article_42p3.txt,1,14,41.5,12,-0.10972222222222223,0.0,17,646,2018
354,article_42p4.txt,1,13,46.71,12,0.20652173913043478,0.0,0,445,2018
355,article_42p5.txt,1,13,41.9,12,0.13414634146341464,0.04390243902439025,52,736,2018
356,article_42p6.txt,1,13,52.19,12,0.03968253968253967,0.10582010582010581,61,1055,2018
357,article_42p7.txt,1,12,31.08,12,-0.0625,0.375,0,359,2018
358,article_42p8.txt,1,12,60.45,11,0.11224489795918367,0.06802721088435373,37,905,2018
359,article_42p9.txt,1,12,63.8,10,0.12727272727272726,0.2727272727272727,0,160,2018
360,article_43p0.txt,1,12,50.87,10,0.03235294117647057,0.014705882352941176,203,530,2018
361,article_43p1.txt,1,12,37.94,9,0.02066666666666666,0.075,35,449,2018
362,article_43p2.txt,1,12,61.67,8,0.17638888888888887,0.0,86,305,2018
363,article_43p3.txt,1,12,56.89,6,0.10514184397163122,0.0921985815602837,529,929,2018
364,article_43p4.txt,1,12,34.76,6,-0.20222222222222222,0.06666666666666667,0,254,2018
365,article_43p5.txt,1,12,54.05,5,0.08656462585034015,0.08163265306122448,102,1031,2018
366,article_43p6.txt,1,12,48.54,4,0.004545454545454544,0.11363636363636363,78,433,2018
367,article_43p7.txt,1,12,44.34,3,-0.11,0.05714285714285714,54,592,2018
368,article_43p8.txt,1,12,50.46,3,0.09402515723270442,0.07169811320754717,0,897,2018
369,article_43p9.txt,1,12,47.83,3,0.1318181818181818,0.030303030303030304,268,606,2018
370,article_44p4.txt,1,12,61.67,2,-0.027403846153846143,0.07307692307692307,92,798,2018
371,article_44p6.txt,1,29,61.16,11,-0.023809523809523808,0.09523809523809523,0,353,2018
372,article_44p7.txt,1,29,46.51,11,0.03452380952380952,0.19047619047619047,19,423,2018
373,article_44p8.txt,1,28,54.02,11,0.03749999999999999,0.0,60,413,2018
374,article_44p9.txt,1,27,50.16,11,-0.041666666666666664,0.11666666666666667,26,592,2018
375,article_45p3.txt,1,27,53.75,11,0.18333333333333332,0.19444444444444445,0,309,2018
376,article_45p4.txt,1,24,39.47,11,-0.09523809523809523,0.19047619047619047,255,371,2018
377,article_45p5.txt,1,23,34.19,11,-0.1166666666666667,0.022222222222222223,26,399,2018
378,article_45p6.txt,1,23,51.89,11,0.2921875,0.09375,14,289,2018
379,article_45p7.txt,1,22,56.49,11,0.1476190476190476,0.09523809523809523,0,348,2018
380,article_45p8.txt,1,14,58.11,11,-0.10625,0.1,0,367,2018
381,article_45p9.txt,1,14,57.1,11,0.08620689655172414,0.034482758620689655,103,589,2018
382,article_46p2.txt,1,11,50.06,8,0.11032608695652173,0.14130434782608695,153,702,2018
383,article_46p3.txt,1,11,45.9,1,0.0191358024691358,0.1388888888888889,0,842,2018
384,article_46p4.txt,1,29,38.08,10,-0.00454545454545455,0.13636363636363635,0,363,2018
385,article_46p5.txt,1,26,41.63,10,-0.10557692307692304,0.0,14,502,2018
386,article_46p6.txt,1,20,61.46,10,0.020227272727272733,0.05454545454545454,25,879,2018
387,article_46p7.txt,1,17,61.16,10,0.04675925925925925,0.0912037037037037,0,576,2018
388,article_46p8.txt,1,16,46.3,10,-0.02149122807017544,0.08771929824561403,0,776,2018
389,article_46p9.txt,1,10,42.65,11,-0.04791666666666666,0.16666666666666666,40,454,2018
390,article_47p0.txt,1,10,46.81,11,-0.06296296296296294,0.05555555555555555,50,389,2018
391,article_47p1.txt,1,10,51.18,10,0.1984848484848485,0.030303030303030304,281,563,2018
392,article_47p2.txt,1,10,53.21,10,0.033333333333333326,0.10555555555555556,105,489,2018
393,article_47p3.txt,1,10,43.12,9,0.07291666666666666,0.0,108,373,2018
394,article_47p4.txt,1,10,53.1,9,0.044230769230769226,0.15,0,437,2018
395,article_47p5.txt,1,10,46.4,9,0.12441860465116278,0.053488372093023255,504,748,2018
396,article_47p6.txt,1,10,42.41,8,-0.10625000000000001,0.0,0,124,2018
397,article_47p7.txt,1,10,59.94,8,0.04374999999999999,0.16874999999999998,203,472,2018
398,article_47p8.txt,1,10,48.94,8,0.10882352941176471,0.11764705882352941,0,288,2018
399,article_47p9.txt,1,10,51.89,8,0.045833333333333316,0.041666666666666664,0,387,2018
400,article_48p1.txt,1,10,37.64,8,0.03703703703703704,0.12037037037037036,0,326,2018
401,article_48p2.txt,1,10,48.84,8,0.09814814814814815,0.06975308641975309,177,1123,2018
402,article_48p3.txt,1,10,45.96,4,-0.01875,0.13583333333333333,43,646,2018
403,article_48p4.txt,1,26,63.09,9,0.0703525641025641,0.07371794871794872,75,831,2018
404,article_48p5.txt,1,25,51.07,9,0.03518518518518518,0.05555555555555555,0,303,2018
405,article_48p6.txt,1,24,33.68,9,-0.012500000000000004,0.07291666666666666,85,787,2018
406,article_48p7.txt,1,24,34.76,9,-0.016964285714285716,0.0625,195,775,2018
407,article_48p8.txt,1,24,45.09,9,0.09907407407407409,0.3925925925925926,0,421,2018
408,article_48p9.txt,1,24,44.44,9,0.01590909090909091,0.06060606060606061,0,982,2018
409,article_49p2.txt,1,24,50.26,9,0.10978835978835978,0.10582010582010581,0,989,2018
410,article_49p3.txt,1,24,47.42,9,0.0973684210526316,0.11842105263157894,18,615,2018
411,article_49p4.txt,1,24,61.06,9,0.10370370370370373,0.1111111111111111,133,836,2018
412,article_49p5.txt,1,24,45.05,9,-0.03953488372093022,0.08139534883720931,0,1310,2018
413,article_49p6.txt,1,15,48.94,9,0.11269841269841267,0.20634920634920637,0,354,2018
414,article_49p7.txt,1,9,38.86,12,-0.05638297872340425,0.05957446808510638,49,859,2018
415,article_49p8.txt,1,9,51.68,11,-0.055303030303030305,0.0303030303030303,61,410,2018
416,article_4p0.txt,1,12,45.15,4,0.1425925925925926,0.08888888888888888,115,920,2019
417,article_4p1.txt,1,12,47.93,4,0.017592592592592587,0.07407407407407407,235,607,2019
418,article_4p2.txt,1,12,58.11,3,-0.028260869565217398,0.08695652173913043,11,429,2019
419,article_4p3.txt,1,12,50.4,3,-0.005468749999999998,0.140625,289,553,2019
420,article_4p4.txt,1,12,63.39,2,-0.02638888888888889,0.19791666666666666,54,750,2019
421,article_4p5.txt,1,12,61.26,2,0.047789115646258484,0.14965986394557823,234,911,2019
422,article_4p6.txt,1,12,36.56,1,-0.06470588235294118,0.2196078431372549,0,311,2019
423,article_4p7.txt,1,30,45.49,11,-0.09666666666666666,0.11428571428571428,194,828,2019
424,article_4p8.txt,1,29,51.89,11,0.10657894736842105,0.02631578947368421,21,578,2019
425,article_4p9.txt,1,29,52.09,11,0.11521739130434783,0.0,53,383,2019
426,article_50p5.txt,1,9,206.84,6,0.0,0.0,0,0,2018
427,article_50p6.txt,1,9,37.07,2,-0.03162393162393163,0.16175213675213673,199,1461,2018
428,article_50p7.txt,1,28,20.35,8,0.09333333333333331,0.2,0,341,2018
429,article_50p8.txt,1,24,57.0,8,0.07145390070921986,0.0978723404255319,0,862,2018
430,article_50p9.txt,1,16,49.65,8,-0.01029411764705882,0.07352941176470588,256,626,2018
431,article_51p1.txt,1,16,47.72,8,0.06870370370370371,0.16111111111111112,152,927,2018
432,article_51p2.txt,1,14,53.95,8,0.11666666666666665,0.12365591397849462,0,564,2018
433,article_51p3.txt,1,14,50.77,8,-0.08571428571428572,0.03571428571428571,0,224,2018
434,article_51p4.txt,1,8,41.77,12,0.004487179487179489,0.01282051282051282,175,797,2018
435,article_51p5.txt,1,8,47.83,11,0.10567375886524823,0.13404255319148936,0,961,2018
436,article_51p6.txt,1,8,46.81,9,0.07689393939393938,0.125,161,930,2018
437,article_51p7.txt,1,8,50.36,7,-0.07586206896551723,0.05172413793103448,0,507,2018
438,article_51p8.txt,1,8,31.75,6,0.10357142857142856,0.047619047619047616,0,433,2018
439,article_51p9.txt,1,8,45.05,5,-0.029166666666666667,0.14166666666666666,327,641,2018
440,article_52p1.txt,1,8,45.09,4,0.11896551724137928,0.11494252873563218,37,549,2018
441,article_52p3.txt,1,8,52.94,3,0.03522727272727275,0.16818181818181818,22,775,2018
442,article_52p4.txt,1,8,61.97,3,-0.058823529411764705,0.10588235294117647,15,266,2018
443,article_52p5.txt,1,8,57.71,2,0.05869565217391303,0.043478260869565216,0,420,2018
444,article_52p6.txt,1,29,63.9,7,0.04195906432748537,0.021637426900584796,101,903,2018
445,article_52p7.txt,1,28,60.85,7,0.06295045045045045,0.25225225225225223,105,659,2018
446,article_52p8.txt,1,27,49.65,7,0.036538461538461534,0.10769230769230768,93,539,2018
447,article_52p9.txt,1,21,53.31,7,0.1644444444444444,0.14333333333333337,150,902,2018
448,article_53p2.txt,1,7,52.8,4,0.045000000000000005,0.1,0,497,2018
449,article_53p3.txt,1,7,43.56,1,0.07252252252252253,0.08198198198198198,224,860,2018
450,article_53p4.txt,1,20,47.01,6,0.09285714285714285,0.0,0,337,2018
451,article_53p5.txt,1,20,34.26,6,0.37708333333333327,0.0,0,401,2018
452,article_53p6.txt,1,18,50.06,6,0.08266666666666668,0.10533333333333333,0,423,2018
453,article_53p7.txt,1,18,36.02,6,-0.014285714285714287,0.14285714285714285,88,375,2018
454,article_53p8.txt,1,13,32.36,6,0.030769230769230764,0.038461538461538464,0,544,2018
455,article_53p9.txt,1,6,47.22,9,0.12916666666666665,0.08333333333333333,85,241,2018
456,article_54p3.txt,1,6,54.56,6,0.0016025641025640958,0.18108974358974358,93,1100,2018
457,article_54p4.txt,1,29,40.21,5,0.10240384615384615,0.09615384615384616,51,957,2018
458,article_54p5.txt,1,24,46.4,5,-0.1775,0.05,18,350,2018
459,article_54p6.txt,1,18,58.82,5,0.15166666666666667,0.05,0,356,2018
460,article_54p7.txt,1,16,49.15,5,0.08035714285714286,0.03571428571428571,41,485,2018
461,article_54p8.txt,1,5,52.19,11,0.0,0.0,0,305,2018
462,article_54p9.txt,1,5,51.07,7,-0.023999999999999994,0.0,202,423,2018
463,article_55p1.txt,1,5,59.74,2,0.03125,0.0375,0,338,2018
464,article_55p2.txt,1,23,49.86,4,0.19490740740740742,0.17592592592592593,0,322,2018
465,article_55p3.txt,1,18,53.04,4,0.13039215686274508,0.25490196078431376,0,320,2018
466,article_55p4.txt,1,4,25.7,12,0.0997747747747748,0.05495495495495495,107,860,2018
467,article_55p5.txt,1,4,54.32,12,0.13695652173913042,0.0,180,356,2018
468,article_55p6.txt,1,4,43.87,5,0.22,0.1,0,301,2018
469,article_55p7.txt,1,4,51.89,3,0.049999999999999996,0.05172413793103448,0,469,2018
470,article_55p8.txt,1,27,48.03,3,0.0286036036036036,0.1126126126126126,30,697,2018
471,article_55p9.txt,1,27,49.35,3,-0.11,0.06666666666666667,76,262,2018
472,article_56p4.txt,1,25,61.77,3,0.13124999999999998,0.0625,0,268,2018
473,article_56p5.txt,1,20,44.78,3,-0.15454545454545454,0.09090909090909091,30,210,2018
474,article_56p6.txt,1,17,42.51,3,0.11965811965811965,0.12393162393162392,45,711,2018
475,article_56p7.txt,1,3,56.05,5,-0.15454545454545454,0.0,0,167,2018
476,article_56p8.txt,1,27,51.07,2,-0.0982758620689655,0.034482758620689655,0,484,2018
477,article_56p9.txt,1,23,51.48,2,0.06638888888888889,0.13555555555555554,128,595,2018
478,article_57p2.txt,1,15,40.58,2,0.035937500000000004,0.075,120,1295,2018
479,article_57p3.txt,1,2,53.61,3,0.12548543689320388,0.07572815533980583,119,1676,2018
480,article_57p4.txt,1,30,47.12,1,0.04351851851851852,0.1388888888888889,0,365,2018
481,article_57p5.txt,1,24,57.5,1,-0.14942528735632185,0.05172413793103448,99,466,2018
482,article_57p6.txt,1,23,60.75,1,0.08333333333333333,0.2777777777777778,0,323,2018
483,article_57p7.txt,1,23,62.58,1,0.16945736434108527,0.07519379844961241,0,713,2018
484,article_57p8.txt,1,18,45.49,1,0.17708333333333334,0.041666666666666664,0,463,2018
485,article_57p9.txt,1,17,38.55,1,0.0787878787878788,0.0606060606060606,137,411,2018
486,article_58p0.txt,1,1,50.97,11,-0.03529411764705882,0.09607843137254903,0,809,2018
487,article_58p1.txt,1,1,55.47,10,0.175,0.1611111111111111,58,484,2018
488,article_58p2.txt,1,1,66.78,9,0.0574074074074074,0.10648148148148147,0,625,2018
489,article_58p3.txt,1,1,34.09,9,0.15666666666666668,0.23333333333333334,0,314,2018
490,article_58p4.txt,1,1,60.45,9,-0.013888888888888888,0.1111111111111111,182,268,2018
491,article_58p5.txt,1,1,48.23,8,0.009722222222222217,0.1,274,525,2018
492,article_58p6.txt,1,22,26.68,12,0.09459459459459461,0.23423423423423426,30,897,2017
493,article_58p7.txt,1,12,48.94,12,0.016049382716049373,0.11728395061728394,54,580,2017
494,article_58p8.txt,1,12,51.01,12,0.37000000000000005,0.16666666666666669,11,371,2017
495,article_58p9.txt,1,12,44.58,12,0.20208333333333336,0.16666666666666666,21,558,2017
496,article_59p3.txt,1,12,57.1,12,0.26726190476190476,0.10119047619047619,18,469,2017
497,article_59p4.txt,1,12,68.1,9,-0.08833333333333332,0.14333333333333334,102,483,2017
498,article_59p5.txt,1,12,29.25,3,-0.032500000000000015,0.1,0,378,2017
499,article_59p6.txt,1,12,47.42,3,0.10256410256410256,0.10256410256410256,60,547,2017
500,article_59p7.txt,1,12,45.19,2,0.21818181818181817,0.0,0,207,2017
501,article_59p8.txt,1,30,54.97,11,0.02592592592592592,0.0,0,197,2017
502,article_59p9.txt,1,18,47.93,11,-0.04138888888888889,0.027777777777777776,87,1151,2017
503,article_5p0.txt,1,29,49.25,11,-0.012962962962962966,0.1111111111111111,26,464,2019
504,article_5p1.txt,1,28,47.32,11,-0.10789473684210525,0.06578947368421052,75,693,2019
505,article_5p2.txt,1,28,60.45,11,0.09125000000000001,0.17333333333333334,18,634,2019
506,article_5p3.txt,1,28,48.43,11,-0.065,0.05,0,363,2019
507,article_5p4.txt,1,28,24.11,11,-0.23125000000000004,0.0,0,210,2019
508,article_5p5.txt,1,28,38.05,11,0.17499999999999996,0.08333333333333333,136,222,2019
509,article_5p6.txt,1,26,49.86,11,-0.01176470588235294,0.029411764705882353,309,319,2019
510,article_5p7.txt,1,25,49.15,11,-0.015789473684210523,0.05263157894736842,149,374,2019
511,article_5p8.txt,1,25,50.57,11,0.09047619047619047,0.11904761904761904,0,372,2019
512,article_5p9.txt,1,24,61.16,11,0.09652777777777777,0.04513888888888889,622,851,2019
513,article_60p2.txt,1,18,61.16,11,0.05995098039215686,0.0392156862745098,49,520,2017
514,article_60p3.txt,1,17,46.88,11,-0.1590909090909091,0.11363636363636363,0,158,2017
515,article_60p4.txt,1,16,52.9,11,-0.012162162162162173,0.08108108108108109,0,664,2017
516,article_60p5.txt,1,16,50.16,11,0.27580645161290324,0.016129032258064516,22,630,2017
517,article_60p6.txt,1,16,51.99,11,0.272,0.04,85,441,2017
518,article_60p7.txt,1,16,44.48,11,0.18333333333333335,0.125,164,453,2017
519,article_60p8.txt,1,16,44.78,11,0.045303030303030296,0.14545454545454545,153,1052,2017
520,article_60p9.txt,1,15,61.16,11,0.12905701754385965,0.10307017543859649,26,1392,2017
521,article_61p0.txt,1,15,51.82,11,0.002083333333333335,0.0,0,415,2017
522,article_61p1.txt,1,15,53.04,11,-0.04558823529411765,0.2058823529411765,594,878,2017
523,article_61p2.txt,1,15,40.69,11,0.14375,0.0625,79,601,2017
524,article_61p3.txt,1,14,41.29,11,-0.1147058823529412,0.029411764705882353,0,364,2017
525,article_61p4.txt,1,14,41.94,11,0.25,0.03225806451612903,12,641,2017
526,article_61p5.txt,1,13,48.13,11,-0.16249999999999998,0.28125,19,278,2017
527,article_61p6.txt,1,13,44.37,11,-0.014761904761904773,0.20285714285714285,70,808,2017
528,article_61p7.txt,1,13,58.11,11,-0.008139534883720927,0.04263565891472868,246,829,2017
529,article_61p8.txt,1,11,61.16,12,0.06304347826086955,0.09999999999999999,10,352,2017
530,article_61p9.txt,1,11,35.71,12,0.017,0.06333333333333332,84,536,2017
531,article_62p2.txt,1,11,64.0,10,0.11666666666666664,0.09377777777777778,20,1172,2017
532,article_62p3.txt,1,11,49.25,9,-0.17550000000000002,0.11599999999999999,0,395,2017
533,article_62p4.txt,1,11,50.57,8,0.24128787878787875,0.10606060606060605,93,748,2017
534,article_62p5.txt,1,11,29.93,8,0.13923076923076924,0.05128205128205128,86,784,2017
535,article_62p6.txt,1,11,59.74,7,0.11333333333333331,0.0,82,301,2017
536,article_62p7.txt,1,11,42.92,6,0.14054054054054055,0.13513513513513514,72,743,2017
537,article_62p8.txt,1,11,49.04,6,0.015166666666666667,0.09583333333333333,24,875,2017
538,article_62p9.txt,1,11,59.64,5,0.05,0.08,100,401,2017
539,article_63p3.txt,1,11,48.94,4,0.1350877192982456,0.07017543859649122,78,288,2017
540,article_63p4.txt,1,11,57.0,4,0.22,0.0,117,295,2017
541,article_63p5.txt,1,11,37.27,3,0.034999999999999996,0.35,0,201,2017
542,article_63p6.txt,1,11,43.56,1,0.1086206896551724,0.017241379310344827,15,549,2017
543,article_63p7.txt,1,31,54.05,10,-0.057758620689655184,0.07758620689655173,313,565,2017
544,article_63p8.txt,1,25,29.38,10,0.06666666666666665,0.0,0,124,2017
545,article_63p9.txt,1,25,53.0,10,-0.21749999999999997,0.05,98,183,2017
546,article_64p2.txt,1,24,52.6,10,0.07857142857142858,0.1357142857142857,0,242,2017
547,article_64p3.txt,1,24,70.33,10,-0.12222222222222222,0.16666666666666666,0,214,2017
548,article_64p4.txt,1,18,57.3,10,0.08445945945945946,0.20270270270270271,0,630,2017
549,article_64p5.txt,1,18,63.49,10,-0.02578124999999999,0.0703125,160,989,2017
550,article_64p6.txt,1,18,47.83,10,0.02307692307692308,0.0,0,210,2017
551,article_64p7.txt,1,14,33.11,10,0.026057692307692296,0.16666666666666666,127,1104,2017
552,article_64p8.txt,1,10,39.06,12,0.2733333333333333,0.13333333333333333,0,261,2017
553,article_64p9.txt,1,10,34.49,12,0.08472222222222221,0.16620370370370374,100,734,2017
554,article_65p1.txt,1,10,42.11,11,0.09393939393939393,0.09090909090909091,0,185,2017
555,article_65p2.txt,1,10,59.13,10,-0.07708333333333335,0.16666666666666666,104,390,2017
556,article_65p3.txt,1,10,58.21,9,0.13409090909090907,0.0,56,215,2017
557,article_65p4.txt,1,10,53.81,9,0.11965811965811969,0.059829059829059825,87,665,2017
558,article_65p5.txt,1,10,46.91,1,0.03048780487804878,0.0886178861788618,114,862,2017
559,article_65p6.txt,1,28,55.58,9,0.19999999999999993,0.037037037037037035,0,1116,2017
560,article_65p7.txt,1,28,49.65,9,0.02307692307692308,0.0,0,259,2017
561,article_65p8.txt,1,25,52.39,9,-0.13392857142857145,0.0,0,470,2017
562,article_65p9.txt,1,17,48.13,9,0.028095238095238093,0.014285714285714285,31,578,2017
563,article_66p2.txt,1,9,32.6,9,0.10256410256410255,0.07692307692307693,105,231,2017
564,article_66p3.txt,1,9,40.89,5,0.054838709677419356,0.06451612903225806,27,505,2017
565,article_66p4.txt,1,29,53.95,8,0.03854166666666666,0.08333333333333333,0,467,2017
566,article_66p5.txt,1,24,48.74,8,0.09071969696969696,0.0303030303030303,0,785,2017
567,article_66p6.txt,1,23,54.97,8,-0.04892241379310344,0.0793103448275862,0,895,2017
568,article_66p7.txt,1,21,48.64,8,0.1409090909090909,0.045454545454545456,0,316,2017
569,article_66p8.txt,1,13,55.84,8,0.25000000000000006,0.075,135,308,2017
570,article_66p9.txt,1,8,53.0,11,0.06214285714285714,0.08571428571428572,279,641,2017
571,article_67p2.txt,1,8,70.13,11,-0.025000000000000005,0.0,0,198,2017
572,article_67p3.txt,1,8,49.35,11,0.07083333333333333,0.08333333333333333,105,481,2017
573,article_67p4.txt,1,8,58.72,8,0.07857142857142857,0.06666666666666667,81,336,2017
574,article_67p5.txt,1,8,55.07,7,0.041666666666666664,0.125,0,568,2017
575,article_67p6.txt,1,8,68.2,7,0.17174418604651165,0.12558139534883722,438,723,2017
576,article_67p7.txt,1,8,46.27,5,0.0608695652173913,0.0,36,399,2017
577,article_67p8.txt,1,8,46.54,4,0.09999999999999999,0.0,136,266,2017
578,article_67p9.txt,1,8,48.23,3,-0.1323529411764706,0.11764705882352941,216,343,2017
579,article_68p1.txt,1,21,44.98,7,0.09973958333333334,0.050520833333333334,0,1095,2017
580,article_68p2.txt,1,16,52.43,7,0.16000000000000003,0.0,40,298,2017
581,article_68p3.txt,1,14,50.8,7,0.12361111111111112,0.19166666666666665,0,609,2017
582,article_68p4.txt,1,14,53.14,7,0.23846153846153845,0.07692307692307693,0,264,2017
583,article_68p5.txt,1,13,60.14,7,0.04499999999999999,0.08333333333333333,75,471,2017
584,article_68p6.txt,1,7,49.65,12,0.2192307692307692,0.057692307692307696,0,451,2017
585,article_68p7.txt,1,7,59.53,8,0.14204545454545456,0.08939393939393939,258,730,2017
586,article_68p8.txt,1,7,47.15,8,0.15416666666666667,0.08333333333333333,61,258,2017
587,article_68p9.txt,1,7,62.48,8,0.06860465116279069,0.023255813953488372,55,621,2017
588,article_69p0.txt,1,7,46.81,8,0.08749999999999998,0.0,27,219,2017
589,article_69p1.txt,1,7,48.64,7,0.09027777777777778,0.08777777777777777,64,540,2017
590,article_69p2.txt,1,7,52.09,7,0.18390804597701152,0.1264367816091954,27,404,2017
591,article_69p3.txt,1,7,49.45,7,0.02916666666666666,0.16358024691358022,16,1098,2017
592,article_69p4.txt,1,7,49.96,6,0.06999999999999999,0.0,0,296,2017
593,article_69p5.txt,1,7,49.65,6,0.16818181818181818,0.18181818181818182,124,216,2017
594,article_69p6.txt,1,7,52.39,4,-0.11410256410256409,0.038461538461538464,10,226,2017
595,article_69p7.txt,1,7,50.16,3,0.08000000000000002,0.03333333333333333,0,275,2017
596,article_69p8.txt,1,7,37.94,3,-0.07083333333333332,0.1,0,492,2017
597,article_69p9.txt,1,19,51.18,6,-0.025666666666666664,0.174,0,422,2017
598,article_6p0.txt,1,22,46.51,11,-0.14750000000000002,0.0,49,295,2019
599,article_6p1.txt,1,22,40.89,11,0.1353846153846154,0.09435897435897436,104,947,2019
600,article_6p2.txt,1,20,49.96,11,0.2597222222222222,0.07870370370370369,60,677,2019
601,article_6p3.txt,1,20,49.86,11,0.08620689655172414,0.0,18,492,2019
602,article_6p4.txt,1,17,51.28,11,0.04204545454545454,0.0,104,381,2019
603,article_6p5.txt,1,16,39.47,11,-0.18421052631578946,0.07894736842105263,15,348,2019
604,article_6p6.txt,1,15,49.86,11,0.18333333333333332,0.08333333333333333,44,277,2019
605,article_6p7.txt,1,14,50.26,11,0.018055555555555554,0.06944444444444445,31,606,2019
606,article_6p8.txt,1,14,45.69,11,-0.05217391304347827,0.1217391304347826,116,541,2019
607,article_6p9.txt,1,14,52.9,11,0.011363636363636364,0.09090909090909091,74,751,2019
608,article_70p4.txt,1,19,50.57,6,0.1036231884057971,0.021739130434782608,13,815,2017
609,article_70p5.txt,1,18,50.97,6,0.17142857142857143,0.07142857142857142,0,263,2017
610,article_70p6.txt,1,14,43.83,6,0.02794117647058823,0.08333333333333334,79,416,2017
611,article_70p7.txt,1,6,42.45,12,0.06923076923076922,0.0,12,257,2017
612,article_70p8.txt,1,6,47.83,7,0.18235294117647058,0.029411764705882353,37,303,2017
613,article_70p9.txt,1,6,53.41,6,0.16515151515151516,0.09090909090909091,34,179,2017
614,article_71p3.txt,1,6,38.35,3,-0.17857142857142858,0.17857142857142858,178,292,2017
615,article_71p4.txt,1,6,62.17,3,-0.056944444444444436,0.013888888888888888,0,546,2017
616,article_71p5.txt,1,6,50.57,2,-0.05321969696969697,0.011363636363636364,147,851,2017
617,article_71p6.txt,1,6,44.24,2,0.05185185185185185,0.0,0,370,2017
618,article_71p7.txt,1,6,46.3,2,0.014035087719298239,0.10526315789473684,58,1020,2017
619,article_71p8.txt,1,6,56.76,2,0.08214285714285716,0.09523809523809523,15,291,2017
620,article_71p9.txt,1,6,49.65,2,0.10869565217391304,0.043478260869565216,31,275,2017
621,article_72p0.txt,1,6,58.82,2,-0.034640522875816995,0.1366013071895425,123,995,2017
622,article_72p1.txt,1,6,65.83,2,0.12250000000000003,0.015000000000000001,41,778,2017
623,article_72p2.txt,1,6,51.28,2,0.01363636363636364,0.045454545454545456,499,361,2017
624,article_72p3.txt,1,6,59.23,2,-0.08214285714285714,0.07142857142857142,0,184,2017
625,article_72p4.txt,1,6,61.16,2,-0.00804761904761905,0.10952380952380952,191,611,2017
626,article_72p5.txt,1,6,61.77,2,0.09416666666666665,0.026666666666666665,367,858,2017
627,article_72p6.txt,1,6,37.0,2,0.07727272727272728,0.09090909090909091,0,295,2017
628,article_72p7.txt,1,6,54.93,2,0.17678571428571432,0.03571428571428571,0,374,2017
629,article_72p8.txt,1,6,23.53,2,0.1711111111111111,0.0,107,663,2017
630,article_72p9.txt,1,6,48.54,2,0.028799019607843132,0.06862745098039215,136,1461,2017
631,article_73p1.txt,1,6,45.09,1,-0.14574468085106382,0.028368794326241134,333,731,2017
632,article_73p2.txt,1,6,51.78,1,0.11956521739130435,0.06521739130434782,28,431,2017
633,article_73p3.txt,1,6,48.03,1,0.15625000000000003,0.020833333333333332,124,764,2017
634,article_73p4.txt,1,31,54.83,5,-0.08333333333333333,0.04242424242424242,112,461,2017
635,article_73p5.txt,1,30,39.26,5,-0.025000000000000012,0.075,95,685,2017
636,article_73p6.txt,1,29,53.61,5,-0.1325757575757576,0.04242424242424242,85,516,2017
637,article_73p7.txt,1,27,39.57,5,0.12159090909090908,0.0,179,393,2017
638,article_73p8.txt,1,27,52.09,5,0.2717948717948718,0.0,170,229,2017
639,article_73p9.txt,1,23,58.52,5,0.1490049751243781,0.11343283582089551,23,1058,2017
640,article_74p4.txt,1,19,40.28,5,0.04375,0.0,83,314,2017
641,article_74p5.txt,1,5,40.69,3,0.1620689655172414,0.11379310344827585,118,616,2017
642,article_74p6.txt,1,30,49.96,4,0.09444444444444444,0.07142857142857142,105,362,2017
643,article_74p7.txt,1,26,40.08,4,0.07272727272727271,0.06818181818181818,0,362,2017
644,article_74p8.txt,1,26,49.86,4,0.0018518518518518443,0.04938271604938271,0,491,2017
645,article_74p9.txt,1,26,56.08,4,-0.022619047619047622,0.047619047619047616,0,402,2017
646,article_75p6.txt,1,18,48.43,4,0.1886792452830188,0.03773584905660377,26,932,2017
647,article_75p7.txt,1,18,62.38,4,0.02291666666666667,0.041666666666666664,0,399,2017
648,article_75p8.txt,1,30,55.37,3,0.07857142857142856,0.07142857142857142,0,242,2017
649,article_75p9.txt,1,29,47.52,3,0.02368421052631578,0.13157894736842105,81,284,2017
650,article_76p2.txt,1,28,55.64,3,-0.010526315789473694,0.05263157894736842,75,266,2017
651,article_76p3.txt,1,28,73.58,3,0.0,0.08928571428571429,61,352,2017
652,article_76p4.txt,1,28,53.61,3,-0.10580808080808081,0.045454545454545456,61,441,2017
653,article_76p5.txt,1,27,43.97,3,-0.10740740740740738,0.18518518518518517,0,490,2017
654,article_76p6.txt,1,16,45.19,3,0.1638888888888889,0.06944444444444445,131,629,2017
655,article_76p7.txt,1,14,43.56,3,0.20784313725490194,0.10130718954248366,169,971,2017
656,article_76p8.txt,1,3,62.68,12,0.16285714285714287,0.13714285714285715,290,513,2017
657,article_76p9.txt,1,3,46.81,10,0.09687499999999999,0.0,0,318,2017
658,article_77p3.txt,1,3,57.71,9,-0.030649717514124302,0.18107344632768363,0,924,2017
659,article_77p4.txt,1,18,46.51,2,0.2537878787878788,0.045454545454545456,164,522,2017
660,article_77p5.txt,1,16,51.18,2,0.08892857142857144,0.025714285714285714,59,1045,2017
661,article_77p6.txt,1,2,48.03,9,-0.02771739130434782,0.06847826086956521,316,770,2017
662,article_77p7.txt,1,2,61.26,7,0.1185185185185185,0.027777777777777776,29,294,2017
663,article_77p8.txt,1,25,41.29,1,0.04305555555555555,0.02962962962962963,205,601,2017
664,article_77p9.txt,1,23,45.69,1,-0.017276995305164338,0.12112676056338027,599,1253,2017
665,article_78p3.txt,1,18,58.01,1,0.11449275362318842,0.08695652173913043,0,391,2017
666,article_78p4.txt,1,18,53.61,1,-0.03333333333333333,0.047619047619047616,0,282,2017
667,article_78p5.txt,1,1,45.8,10,0.103921568627451,0.0196078431372549,155,303,2017
668,article_78p6.txt,1,28,63.49,12,-0.049712643678160924,0.07413793103448275,0,960,2016
669,article_78p7.txt,1,21,49.15,12,-0.004838709677419359,0.06451612903225806,156,596,2016
670,article_78p8.txt,1,15,64.41,12,-0.2354166666666667,0.16666666666666666,0,169,2016
671,article_78p9.txt,1,14,45.05,12,0.014583333333333337,0.013888888888888888,44,389,2016
672,article_79p2.txt,1,14,51.07,12,0.0,0.058823529411764705,0,281,2016
673,article_79p3.txt,1,13,57.16,12,0.06363636363636363,0.0,0,141,2016
674,article_79p4.txt,1,12,60.24,12,0.036206896551724134,0.06896551724137931,0,487,2016
675,article_79p5.txt,1,12,50.57,8,0.008187134502924001,0.08187134502923976,0,1144,2016
676,article_79p6.txt,1,12,62.58,8,0.28076923076923077,0.0,0,205,2016
677,article_79p7.txt,1,12,64.71,6,0.043478260869565216,0.043478260869565216,0,376,2016
678,article_79p8.txt,1,24,47.72,11,-0.37,0.0,18,117,2016
679,article_79p9.txt,1,22,51.68,11,0.1892857142857143,0.10714285714285714,0,468,2016
680,article_7p0.txt,1,13,64.0,11,-0.084375,0.0,27,473,2019
681,article_7p1.txt,1,13,49.75,11,0.12608695652173912,0.021739130434782608,24,366,2019
682,article_7p2.txt,1,13,70.84,11,0.05499999999999999,0.09999999999999999,0,207,2019
683,article_7p3.txt,1,13,56.08,11,0.010714285714285716,0.0,0,261,2019
684,article_7p4.txt,1,13,56.25,11,0.1111111111111111,0.0,626,135,2019
685,article_7p5.txt,1,11,48.33,11,-0.17115384615384616,0.09615384615384616,347,524,2019
686,article_7p6.txt,1,11,44.68,7,-0.15227272727272725,0.0606060606060606,167,399,2019
687,article_7p7.txt,1,11,50.26,5,0.07068965517241378,0.1482758620689655,0,524,2019
688,article_7p8.txt,1,11,63.7,5,0.059349593495934966,0.14308943089430895,0,610,2019
689,article_7p9.txt,1,11,39.81,5,0.17043010752688173,0.1870967741935484,388,689,2019
690,article_80p2.txt,1,21,61.46,11,0.13100775193798447,0.01937984496124031,0,731,2016
691,article_80p3.txt,1,20,43.02,11,0.08452380952380954,0.07142857142857142,90,514,2016
692,article_80p4.txt,1,18,50.77,11,0.14444444444444443,0.0,335,574,2016
693,article_80p5.txt,1,18,19.1,11,0.012999999999999989,0.05333333333333333,0,519,2016
694,article_80p6.txt,1,16,45.69,11,0.08499999999999999,0.04666666666666666,68,588,2016
695,article_80p7.txt,1,11,53.71,11,-0.030890804597701153,0.04597701149425287,196,993,2016
696,article_80p8.txt,1,11,54.42,11,0.014141414141414139,0.1292929292929293,61,523,2016
697,article_80p9.txt,1,11,51.58,9,0.24367816091954023,0.06091954022988506,52,532,2016
698,article_81p2.txt,1,11,62.98,9,-0.030797101449275367,0.14057971014492754,0,743,2016
699,article_81p3.txt,1,11,51.38,9,0.0,0.0,57,198,2016
700,article_81p4.txt,1,11,42.0,8,0.0369047619047619,0.19047619047619047,0,289,2016
701,article_81p5.txt,1,11,52.39,7,-0.027343749999999993,0.046875,94,606,2016
702,article_81p6.txt,1,11,51.18,5,0.0423076923076923,0.07692307692307693,179,441,2016
703,article_81p7.txt,1,11,62.78,3,0.1076086956521739,0.09130434782608696,0,713,2016
704,article_81p8.txt,1,11,47.83,3,0.09965277777777777,0.09027777777777778,141,944,2016
705,article_81p9.txt,1,11,49.35,2,0.085,0.1,14,696,2016
706,article_82p2.txt,1,11,39.5,2,0.21,0.0,0,252,2016
707,article_82p3.txt,1,27,53.51,10,0.128125,0.08333333333333333,0,408,2016
708,article_82p4.txt,1,24,32.77,10,0.42857142857142855,0.17857142857142858,0,300,2016
709,article_82p5.txt,1,17,59.03,10,0.08823529411764706,0.029411764705882353,42,310,2016
710,article_82p6.txt,1,15,50.26,10,-0.07692307692307693,0.15384615384615385,0,231,2016
711,article_82p7.txt,1,14,48.13,10,-0.01241830065359477,0.10784313725490197,0,974,2016
712,article_82p8.txt,1,10,34.29,9,0.23580246913580247,0.08641975308641976,235,542,2016
713,article_82p9.txt,1,10,49.65,9,0.062280701754385964,0.09758771929824561,495,691,2016
714,article_83p3.txt,1,10,41.74,8,0.3851851851851852,0.09259259259259259,114,178,2016
715,article_83p4.txt,1,10,40.01,8,0.37333333333333335,0.1,739,251,2016
716,article_83p5.txt,1,10,52.09,4,0.24444444444444446,0.0,0,289,2016
717,article_83p6.txt,1,30,51.28,9,0.05427350427350426,0.0,0,659,2016
718,article_83p7.txt,1,30,49.45,9,0.08333333333333333,0.023809523809523808,29,347,2016
719,article_83p8.txt,1,27,41.29,9,0.18055555555555555,0.0,0,365,2016
720,article_83p9.txt,1,27,34.63,9,0.17499999999999996,0.25,0,146,2016
721,article_84p3.txt,1,25,52.9,9,0.27058823529411763,0.029411764705882353,10,607,2016
722,article_84p4.txt,1,23,50.67,9,0.2785714285714286,0.02857142857142857,0,641,2016
723,article_84p5.txt,1,23,50.77,9,0.3159090909090909,0.045454545454545456,0,390,2016
724,article_84p6.txt,1,23,43.32,9,0.1808823529411765,0.04411764705882353,13,625,2016
725,article_84p7.txt,1,21,51.38,9,0.03936170212765957,0.02127659574468085,58,818,2016
726,article_84p8.txt,1,9,55.54,3,-0.018421052631578946,0.02631578947368421,104,300,2016
727,article_84p9.txt,1,9,54.52,3,-0.1038095238095238,0.16785714285714284,184,456,2016
728,article_85p4.txt,1,9,64.24,2,0.3333333333333333,0.5,59,143,2016
729,article_85p5.txt,1,31,52.6,8,0.06333333333333334,0.03333333333333333,0,752,2016
730,article_85p6.txt,1,8,32.36,11,0.09166666666666666,0.08333333333333333,0,640,2016
731,article_85p7.txt,1,8,37.13,2,-0.2225,0.0,53,306,2016
732,article_85p8.txt,1,21,58.32,7,0.1425,0.175,0,347,2016
733,article_85p9.txt,1,20,51.99,7,-0.019512195121951226,0.05609756097560975,66,711,2016
734,article_86p3.txt,1,7,59.84,12,0.07307692307692307,0.21153846153846154,0,504,2016
735,article_86p4.txt,1,7,42.61,5,0.08199999999999999,0.06,22,423,2016
736,article_86p5.txt,1,7,51.58,5,-0.09362745098039214,0.10065359477124182,183,1002,2016
737,article_86p6.txt,1,7,38.15,4,0.06494252873563218,0.0896551724137931,0,492,2016
738,article_86p7.txt,1,30,50.57,6,0.11358024691358024,0.08641975308641975,102,516,2016
739,article_86p8.txt,1,22,60.14,6,0.16578947368421051,0.06842105263157895,34,316,2016
740,article_86p9.txt,1,17,37.81,6,0.0875,0.125,196,166,2016
741,article_87p3.txt,1,6,45.09,10,0.06911764705882352,0.11764705882352941,215,683,2016
742,article_87p4.txt,1,6,41.23,8,0.10347222222222224,0.2175925925925926,255,813,2016
743,article_87p5.txt,1,30,48.94,5,-0.03125,0.03125,76,335,2016
744,article_87p6.txt,1,27,41.5,5,-5.28677630773884e-18,0.0,0,318,2016
745,article_87p7.txt,1,25,61.67,5,0.08749999999999998,0.0,0,398,2016
746,article_87p8.txt,1,24,60.85,5,-0.1125,0.16666666666666666,0,396,2016
747,article_87p9.txt,1,19,58.92,5,0.11527777777777778,0.06944444444444445,0,290,2016
748,article_88p1.txt,1,16,53.51,5,-0.051633986928104586,0.0849673202614379,179,854,2016
749,article_88p2.txt,1,5,56.45,11,-0.04257246376811594,0.1528985507246377,127,668,2016
750,article_88p3.txt,1,22,45.25,4,0.08872549019607844,0.08970588235294118,175,1151,2016
751,article_88p4.txt,1,15,50.46,4,0.0,0.0,0,229,2016
752,article_88p5.txt,1,13,60.04,4,-0.13809523809523808,0.10612244897959185,157,928,2016
753,article_88p6.txt,1,4,61.97,8,0.1619047619047619,0.023809523809523808,239,713,2016
754,article_88p7.txt,1,4,54.02,7,0.06148148148148148,0.11777777777777777,88,813,2016
755,article_88p8.txt,1,4,58.72,1,0.29347826086956524,0.09855072463768115,0,441,2016
756,article_88p9.txt,1,31,41.43,3,-0.09727272727272726,0.0,276,476,2016
757,article_89p0.txt,1,21,51.28,3,0.17575757575757575,0.12878787878787878,0,399,2016
758,article_89p1.txt,1,18,53.92,3,-0.005882352941176476,0.08823529411764706,272,370,2016
759,article_89p2.txt,1,17,45.69,3,0.08125,0.234375,290,712,2016
760,article_89p3.txt,1,17,53.21,3,-0.13043478260869565,0.0782608695652174,42,327,2016
761,article_89p4.txt,1,3,67.18,10,0.3275,0.16499999999999998,633,380,2016
762,article_89p5.txt,1,3,65.22,8,0.07678571428571428,0.06071428571428572,160,394,2016
763,article_89p6.txt,1,3,54.32,4,-0.06041666666666667,0.057291666666666664,542,644,2016
764,article_89p7.txt,1,3,53.81,2,-0.07142857142857142,0.07142857142857142,296,539,2016
765,article_89p8.txt,1,25,44.48,2,-0.04791666666666667,0.125,0,455,2016
766,article_89p9.txt,1,24,50.87,2,0.03083333333333333,0.014285714285714285,0,840,2016
767,article_8p0.txt,1,11,54.42,5,-0.025806451612903226,0.03225806451612903,148,509,2019
768,article_8p1.txt,1,11,52.19,4,0.12451923076923078,0.10256410256410256,37,937,2019
769,article_8p2.txt,1,11,41.09,4,0.047826086956521734,0.13043478260869565,40,349,2019
770,article_8p3.txt,1,11,58.62,3,0.27352941176470585,0.11895424836601307,338,902,2019
771,article_8p4.txt,1,11,56.05,1,0.012500000000000002,0.16666666666666666,0,349,2019
772,article_8p5.txt,1,11,12.2,1,-0.07600000000000001,0.07733333333333332,35,296,2019
773,article_8p6.txt,1,31,44.24,10,0.25925925925925924,0.018518518518518517,0,316,2019
774,article_8p7.txt,1,31,52.6,10,-0.05350877192982457,0.06578947368421052,87,597,2019
775,article_8p8.txt,1,31,37.71,10,0.0720486111111111,0.12326388888888888,0,999,2019
776,article_8p9.txt,1,31,58.21,10,-0.08049645390070921,0.06028368794326241,188,857,2019
777,article_90p0.txt,1,15,42.11,2,0.03103448275862068,0.034482758620689655,81,518,2016
778,article_90p1.txt,1,2,60.45,10,-0.06199999999999999,0.13333333333333333,27,469,2016
779,article_90p2.txt,1,2,49.75,10,-0.019202898550724636,0.09057971014492752,185,473,2016
780,article_90p3.txt,1,2,48.74,10,0.11014492753623188,0.014492753623188404,0,358,2016
781,article_90p4.txt,1,2,53.92,3,0.039473684210526314,0.25,186,330,2016
782,article_90p5.txt,1,22,59.03,1,0.22812500000000002,0.0,24,311,2016
783,article_90p6.txt,1,21,41.09,1,0.10033333333333333,0.115,69,971,2016
784,article_90p7.txt,1,20,58.21,1,0.2707246376811594,0.12318840579710144,26,499,2016
785,article_90p8.txt,1,13,45.59,1,-0.0225,0.12250000000000001,215,846,2016
786,article_90p9.txt,1,1,47.22,10,0.09545454545454546,0.06363636363636363,361,844,2016
787,article_91p3.txt,1,17,43.16,12,-0.03416666666666668,0.15833333333333333,0,587,2015
788,article_91p4.txt,1,14,42.45,12,0.020348837209302324,0.05813953488372093,208,805,2015
789,article_91p5.txt,1,14,47.52,12,0.13874999999999998,0.09583333333333333,64,694,2015
790,article_91p6.txt,1,14,53.0,12,0.3764705882352941,0.0,53,272,2015
791,article_91p7.txt,1,13,60.65,12,0.15888888888888889,0.021666666666666667,87,942,2015
792,article_91p8.txt,1,13,44.78,12,0.1930851063829787,0.0702127659574468,83,767,2015
793,article_91p9.txt,1,13,57.61,12,-0.22727272727272727,0.0,53,177,2015
794,article_92p0.txt,1,13,50.46,12,0.09558823529411763,0.12107843137254903,406,1214,2015
795,article_92p1.txt,1,12,54.83,12,0.02807692307692308,0.05,165,989,2015
796,article_92p2.txt,1,12,57.81,12,0.09280303030303032,0.12878787878787876,88,759,2015
797,article_92p3.txt,1,12,57.1,12,0.19999999999999998,0.1171875,27,474,2015
798,article_92p4.txt,1,12,43.87,12,0.23148148148148148,0.027777777777777776,90,382,2015
799,article_92p5.txt,1,12,30.84,12,0.24032258064516132,0.09301075268817204,36,692,2015
800,article_92p6.txt,1,12,45.76,11,0.13879310344827586,0.10086206896551723,45,925,2015
801,article_92p7.txt,1,12,53.41,11,-0.11000000000000001,0.175,93,346,2015
802,article_92p8.txt,1,12,37.98,11,-0.1303921568627451,0.1411764705882353,178,337,2015
803,article_92p9.txt,1,12,41.29,11,0.10408163265306122,0.0663265306122449,99,861,2015
804,article_93p1.txt,1,12,-230.24,10,0.10290880503144656,0.08553459119496855,142,2737,2015
805,article_93p2.txt,1,12,53.95,10,0.05338983050847457,0.17514124293785308,75,1062,2015
806,article_93p3.txt,1,12,58.42,9,0.0032407407407407446,0.12916666666666668,54,1189,2015
807,article_93p4.txt,1,12,43.02,9,0.03141025641025641,0.14134615384615384,37,952,2015
808,article_93p5.txt,1,12,47.01,9,0.1573170731707317,0.06097560975609756,0,759,2015
809,article_93p6.txt,1,12,53.04,9,0.19666666666666666,0.0,0,292,2015
810,article_93p7.txt,1,12,54.42,8,0.09632768361581921,0.012711864406779662,369,982,2015
811,article_93p8.txt,1,12,45.9,7,-0.0907142857142857,0.15,202,603,2015
812,article_93p9.txt,1,12,45.66,7,-0.037500000000000006,0.08333333333333333,53,190,2015
813,article_94p2.txt,1,12,39.81,5,0.13636363636363635,0.045454545454545456,30,187,2015
814,article_94p3.txt,1,12,46.78,5,-0.0022222222222222244,0.07777777777777778,83,608,2015
815,article_94p4.txt,1,12,-60.91,4,0.07658227848101265,0.12405063291139241,77,1989,2015
816,article_94p5.txt,1,12,52.29,3,0.07631086142322095,0.16722846441947564,0,3381,2015
817,article_94p6.txt,1,12,-290.61,3,0.11034482758620687,0.07471264367816093,94,5083,2015
818,article_94p7.txt,1,12,47.83,2,0.12971014492753624,0.043478260869565216,71,374,2015
819,article_94p8.txt,1,12,49.75,1,-0.013993710691823905,0.229874213836478,0,817,2015
820,article_94p9.txt,1,12,48.94,1,0.004885057471264371,0.1514367816091954,211,1074,2015
821,article_95p0.txt,1,30,47.42,11,-0.009747706422018337,0.09311926605504586,0,2069,2015
822,article_95p1.txt,1,30,-615.51,11,0.033333333333333326,0.0,0,3790,2015
823,article_95p2.txt,1,30,44.44,11,-0.09736842105263159,0.05263157894736842,0,348,2015
824,article_95p3.txt,1,30,60.65,11,0.085823754789272,0.11302681992337163,187,1338,2015
825,article_95p4.txt,1,30,-1.18,11,-0.01779661016949153,0.1271186440677966,267,1164,2015
826,article_95p5.txt,1,30,49.49,11,0.0625,0.0,61,270,2015
827,article_95p6.txt,1,30,56.49,11,0.1331896551724138,0.06206896551724137,73,985,2015
828,article_95p7.txt,1,30,58.01,11,0.04736842105263158,0.058771929824561406,0,1255,2015
829,article_95p8.txt,1,29,69.21,11,0.2025641025641026,0.05128205128205129,0,1014,2015
830,article_95p9.txt,1,29,50.46,11,-0.06136363636363637,0.022727272727272728,0,374,2015
831,article_96p1.txt,1,28,27.19,11,0.16299999999999998,0.06555555555555555,10,685,2015
832,article_96p2.txt,1,27,23.43,11,0.08437499999999999,0.09375,0,348,2015
833,article_96p3.txt,1,27,51.07,11,0.08607843137254899,0.1211764705882353,263,1497,2015
834,article_96p4.txt,1,25,52.6,11,0.24821428571428567,0.08928571428571429,0,878,2015
835,article_96p5.txt,1,25,43.43,11,0.09473684210526315,0.10526315789473684,0,367,2015
836,article_96p6.txt,1,20,-134.27,11,0.003124999999999996,0.03125,111,1000,2015
837,article_96p7.txt,1,20,46.51,11,0.075,0.06999999999999999,24,320,2015
838,article_96p8.txt,1,18,48.94,11,0.11842105263157894,0.02631578947368421,186,356,2015
839,article_96p9.txt,1,11,50.67,9,0.07391304347826086,0.05797101449275362,30,435,2015
840,article_97p2.txt,1,11,54.02,9,-0.15000000000000002,0.044444444444444446,82,311,2015
841,article_97p3.txt,1,11,49.86,9,0.06916666666666664,0.043333333333333335,82,536,2015
842,article_97p4.txt,1,11,47.32,9,-0.062499999999999986,0.05,274,382,2015
843,article_97p5.txt,1,11,54.73,6,0.10238095238095236,0.10357142857142856,0,414,2015
844,article_97p6.txt,1,11,42.82,6,0.10999999999999999,0.0,0,179,2015
845,article_97p7.txt,1,11,49.45,6,-0.0875,0.0,30,152,2015
846,article_97p8.txt,1,11,50.77,4,-0.08549999999999999,0.14708333333333332,218,762,2015
847,article_97p9.txt,1,11,47.32,3,-0.06874999999999999,0.23392857142857143,0,579,2015
848,article_98p1.txt,1,30,-48.19,10,0.0574561403508772,0.1280701754385965,71,1669,2015
849,article_98p2.txt,1,29,-9.3,10,-0.0115962441314554,0.09154929577464789,218,1921,2015
850,article_98p3.txt,1,27,36.36,10,-0.04704861111111113,0.15277777777777776,130,589,2015
851,article_98p4.txt,1,24,43.63,10,0.015864197530864193,0.07407407407407407,105,825,2015
852,article_98p5.txt,1,24,59.23,10,-0.027232142857142837,0.1875,0,799,2015
853,article_98p6.txt,1,19,31.82,10,0.16333333333333336,0.03333333333333333,77,269,2015
854,article_98p7.txt,1,13,50.77,10,-0.08529411764705883,0.0,266,328,2015
855,article_98p8.txt,1,10,46.2,10,0.07222222222222223,0.0,0,377,2015
856,article_98p9.txt,1,10,61.26,8,-0.05227272727272727,0.045454545454545456,19,350,2015
857,article_99p3.txt,1,10,49.15,8,0.13333333333333333,0.06666666666666667,56,242,2015
858,article_99p4.txt,1,10,37.23,6,0.0875,0.125,53,127,2015
859,article_99p5.txt,1,10,48.43,2,0.05866666666666667,0.0,527,454,2015
860,article_99p6.txt,1,25,48.13,9,0.054827586206896525,0.017241379310344827,99,601,2015
861,article_99p7.txt,1,24,47.72,9,0.11496598639455781,0.1360544217687075,122,842,2015
862,article_99p8.txt,1,21,54.22,9,0.08399999999999999,0.04,16,391,2015
863,article_99p9.txt,1,18,54.52,9,0.25555555555555554,0.08333333333333333,27,301,2015
864,article_9p0.txt,1,31,51.58,10,0.05454545454545455,0.06060606060606061,304,511,2019
865,article_9p2.txt,1,30,53.71,10,0.02692307692307692,0.11538461538461539,0,175,2019
866,article_9p3.txt,1,30,53.41,10,-0.0534313725490196,0.08823529411764706,10,842,2019
867,article_9p4.txt,1,30,50.46,10,-0.07407407407407407,0.14814814814814814,0,456,2019
868,article_9p5.txt,1,29,46.91,10,0.2858333333333333,0.05833333333333333,91,462,2019
869,article_9p6.txt,1,25,40.69,10,-0.15454545454545454,0.09090909090909091,87,177,2019
870,article_9p7.txt,1,23,50.57,10,-0.0030864197530864252,0.012345679012345678,38,432,2019
871,article_9p8.txt,1,23,38.66,10,-0.18598484848484845,0.13636363636363635,82,410,2019
872,article_9p9.txt,1,22,50.26,10,-0.08010204081632653,0.13877551020408163,40,797,2019
