,Id,mean_comment_pol,min_comment_pol,max_comment_pol,median_comment_pol,mean_comment_subj,min_comment_subj,max_comment_subj,median_comment_subj
0,article_10p0.txt,0.08906583973323093,-1.0,1.0,0.06519607843137254,0.09757208772307287,0.0,1.0,0.0
1,article_10p1.txt,0.07277387051243603,-1.0,1.0,0.0,0.0964663300342436,0.0,1.0,0.0
2,article_10p2.txt,0.05881207050250787,-1.0,1.0,0.03888888888888889,0.12213780441587234,0.0,1.0,0.0
3,article_10p3.txt,0.07419287743655648,-1.0,0.9,0.06999999999999999,0.11929962366494873,0.0,1.0,0.0
4,article_10p4.txt,,,,,,,,
5,article_10p5.txt,0.14562008966039014,-1.0,1.0,0.06000000000000001,0.07371826513903017,0.0,1.0,0.0
6,article_10p6.txt,-0.007041309417394282,-1.0,1.0,0.0,0.08627637242752961,0.0,1.0,0.0
7,article_10p7.txt,0.09354805996472665,-1.0,1.0,0.0,0.08920458553791887,0.0,1.0,0.0
8,article_10p8.txt,0.23110173160173159,-0.5599999999999999,1.0,0.15113636363636362,0.07202164502164501,0.0,0.42666666666666664,0.0
9,article_10p9.txt,0.059194692104547905,-1.0,1.0,0.01111111111111112,0.12015334825430973,0.0,1.0,0.0
10,article_11p0.txt,0.15707500998302878,-0.5,1.0,0.12,0.09661854619873488,0.0,0.5,0.0
11,article_11p1.txt,0.027686424920648444,-1.0,1.0,0.0,0.10897281655815363,0.0,1.0,0.0
12,article_11p2.txt,0.06169040515738629,-0.7,0.675,0.037500000000000006,0.11579180166444318,0.0,0.6666666666666666,0.06666666666666667
13,article_11p3.txt,0.09556182034180313,-1.0,0.85,0.08229166666666667,0.09800157357103,0.0,1.0,0.0
14,article_11p4.txt,0.016733239980789003,-1.0,1.0,0.0,0.10325082325082326,0.0,1.0,0.0
15,article_11p5.txt,0.07789740756935795,-0.7,1.0,0.014642857142857141,0.08394481684839507,0.0,1.0,0.0
16,article_11p6.txt,0.058017120119370526,-1.0,1.0,0.0,0.08962925731822002,0.0,1.0,0.0
17,article_11p7.txt,0.07887584686268895,-0.675,1.0,0.03958333333333334,0.06792984525221367,0.0,0.6666666666666666,0.0
18,article_11p8.txt,0.08095247787411315,-1.0,1.0,0.038333333333333344,0.08769945217371394,0.0,1.0,0.0
19,article_11p9.txt,,,,,,,,
20,article_12p0.txt,0.03678024083196497,-0.5,0.5666666666666667,0.0,0.10405719759168033,0.0,0.5,0.0
21,article_12p1.txt,,,,,,,,
22,article_12p2.txt,0.10321515940656567,-0.5,0.7,0.06875,0.054332217261904764,0.0,0.5,0.0
23,article_12p3.txt,0.08412430096140684,-1.0,1.0,0.030000000000000006,0.09242204645480358,0.0,1.0,0.0
24,article_12p4.txt,,,,,,,,
25,article_12p5.txt,0.05950341277055673,-1.0,1.0,0.0,0.08461678508005974,0.0,1.0,0.0
26,article_12p6.txt,,,,,,,,
27,article_12p7.txt,0.07528203665127203,-1.0,1.0,0.0,0.09020924320662188,0.0,1.0,0.0
28,article_12p8.txt,0.172,-0.4444444444444444,1.0,0.11249999999999999,0.06888888888888889,0.0,0.25,0.0
29,article_12p9.txt,,,,,,,,
30,article_13p0.txt,0.06275258062198416,-1.0,0.6666666666666666,0.028333333333333325,0.12327119529585626,0.0,1.0,0.0
31,article_13p1.txt,,,,,,,,
32,article_13p2.txt,,,,,,,,
33,article_13p3.txt,0.14773219009826152,-0.27999999999999997,0.7,0.11458333333333333,0.08853647014361302,0.0,1.0,0.0
34,article_13p4.txt,0.06799949378578411,-0.675,1.0,0.0,0.1151737420285807,0.0,0.6666666666666666,0.0
35,article_13p5.txt,0.17856846584787758,-0.47500000000000003,1.0,0.17499999999999996,0.14890890971773324,0.0,0.5,0.07647058823529412
36,article_13p6.txt,,,,,,,,
37,article_13p7.txt,0.07586356245965774,-1.0,1.0,0.039999999999999994,0.07989064275940824,0.0,1.0,0.0
38,article_13p8.txt,0.013765074970945252,-1.0,0.575,0.0,0.05339566738376261,0.0,0.5,0.0
39,article_13p9.txt,0.05491138375821764,-1.0,1.0,0.0,0.10683924306522039,0.0,1.0,0.0
40,article_14p0.txt,0.11284828777413317,-0.7,1.0,0.04174107142857143,0.08346811092825586,0.0,1.0,0.0
41,article_14p1.txt,0.12678518963675214,-1.0,0.7,0.07250000000000001,0.07358506944444444,0.0,0.37777777777777777,0.0
42,article_14p2.txt,0.07178266215799024,-1.0,1.0,0.0,0.08272169969413873,0.0,1.0,0.0
43,article_14p3.txt,0.08904417382205368,-0.9625,1.0,0.06972222222222221,0.10010947439256263,0.0,1.0,0.0
44,article_14p4.txt,0.0813460020452595,-1.0,1.0,0.0,0.06029441130926278,0.0,0.5,0.0
45,article_14p5.txt,0.03254726593601273,-1.0,1.0,0.003571428571428575,0.0936601163183644,0.0,0.9,0.0
46,article_14p7.txt,0.027581425064683997,-0.70625,0.7,0.0,0.09034155328798187,0.0,1.0,0.0
47,article_14p8.txt,0.0636446817379226,-1.0,1.0,0.01141098484848485,0.08032697142352417,0.0,1.0,0.0
48,article_14p9.txt,0.09725235393302616,-0.5,1.0,0.056666666666666664,0.09323868008741959,0.0,0.5,0.0125
49,article_15p0.txt,0.08689862637362637,-0.5,1.0,0.0,0.11216201576201575,0.0,0.8222222222222223,0.0
50,article_15p1.txt,0.06623416820107997,-1.0,1.0,0.04463383838383839,0.09659029695794404,0.0,0.8,0.042748917748917745
51,article_15p2.txt,0.08854841269841268,-0.5,1.0,0.0,0.08094047619047619,0.0,0.5,0.0
52,article_15p3.txt,,,,,,,,
53,article_15p4.txt,0.017536387041254955,-1.0,1.0,0.0,0.08927171621547983,0.0,1.0,0.0
54,article_15p5.txt,0.12140209235209232,-0.7,1.0,0.10104166666666667,0.04733373015873015,0.0,0.26666666666666666,0.0
55,article_15p6.txt,,,,,,,,
56,article_15p7.txt,0.010615559272377452,-1.0,1.0,0.0,0.062141315754952124,0.0,0.8,0.0
57,article_15p8.txt,0.09568151999893573,-0.7,1.0,0.07999999999999999,0.10877245725560332,0.0,1.0,0.013333333333333332
58,article_15p9.txt,0.06871281297012678,-0.7,1.0,0.012373737373737374,0.1070026909654569,0.0,1.0,0.03280423280423281
59,article_16p0.txt,0.0877945921032913,-1.0,1.0,0.021825396825396824,0.07778598106190296,0.0,1.0,0.0
60,article_16p1.txt,0.13722783808467764,-0.7,1.0,0.07999999999999999,0.09228855500482892,0.0,1.0,0.0
61,article_16p2.txt,0.08906768865959927,-1.0,1.0,0.0,0.0897257679556212,0.0,1.0,0.0
62,article_16p3.txt,0.05382105442649872,-1.0,1.0,0.0,0.10936106889564336,0.0,1.0,0.0
63,article_16p4.txt,0.23486995643245642,-0.125,0.5222222222222223,0.20227272727272727,0.09908945221445223,0.0,0.3333333333333333,0.06666666666666667
64,article_16p5.txt,0.06194861308381718,-0.4083333333333333,0.6166666666666667,0.0,0.10464962663942254,0.0,1.0,0.0
65,article_16p6.txt,0.0536095035198296,-1.0,1.0,0.012499999999999983,0.07232600330426417,0.0,0.45,0.0
66,article_16p7.txt,0.12958072132858833,-1.0,1.0,0.13555555555555554,0.10145688582705562,0.0,1.0,0.029411764705882353
67,article_16p8.txt,0.04084845049130764,-0.425,0.45,0.10277777777777779,0.07006046863189719,0.0,0.3333333333333333,0.0
68,article_16p9.txt,0.08046820180173161,-1.0,1.0,0.05937500000000001,0.08197335978076846,0.0,1.0,0.0
69,article_17p0.txt,0.11310477267127526,-1.0,1.0,0.1,0.08631496190491715,0.0,0.8333333333333333,0.0
70,article_17p1.txt,0.16047736291486292,-0.2333333333333333,1.0,0.07727272727272727,0.0707279140612474,0.0,0.6666666666666666,0.0
71,article_17p2.txt,0.10028347935365477,-0.3333333333333333,1.0,0.09,0.08192565637741077,0.0,1.0,0.0
72,article_17p3.txt,0.06829625467125466,-1.0,0.7,0.058333333333333334,0.08012393979149297,0.0,0.5,0.0
73,article_17p4.txt,0.06949759341432211,-1.0,1.0,0.06180555555555555,0.09295623588205143,0.0,0.8333333333333333,0.0
74,article_17p5.txt,0.06106419828096239,-1.0,1.0,0.0,0.120209962570099,0.0,1.0,0.06666666666666667
75,article_17p6.txt,0.021867860851505723,-0.5249999999999999,0.7749999999999999,0.0,0.10686158752981184,0.0,0.8,0.02666666666666667
76,article_17p7.txt,-0.006512452177452173,-1.0,0.7,0.02055555555555556,0.07472252747252747,0.0,0.5833333333333334,0.0
77,article_17p8.txt,0.10948056514512211,-0.5,1.0,0.05,0.08286733519644915,0.0,0.5666666666666667,0.0
78,article_17p9.txt,0.16844086021505372,-0.35833333333333334,1.0,0.034999999999999996,0.09280081925243215,0.0,0.4,0.0
79,article_18p0.txt,0.08350899488354842,-1.0,1.0,0.0,0.09422470776114944,0.0,1.0,0.0
80,article_18p1.txt,0.07874464961376972,-1.0,1.0,0.0,0.12279210186468253,0.0,1.0,0.0
81,article_18p2.txt,0.07460201060999654,-1.0,0.7,0.05277777777777778,0.08439530894257509,0.0,0.7555555555555555,0.0
82,article_18p3.txt,0.08254824151882978,-1.0,1.0,0.04166666666666666,0.05119623404917522,0.0,0.5,0.0
83,article_18p5.txt,,,,,,,,
84,article_18p6.txt,0.056928760393046104,-0.7,0.5875,0.022222222222222216,0.06074640967498109,0.0,0.4444444444444444,0.0
85,article_18p7.txt,,,,,,,,
86,article_18p8.txt,0.05231338531083429,-0.7,0.925,0.09444444444444443,0.09946158622179031,0.0,0.4,0.04
87,article_18p9.txt,0.15788338264299803,-0.2333333333333333,0.678125,0.16666666666666666,0.1604043392504931,0.0,0.5,0.16666666666666666
88,article_19p0.txt,0.08861867387156738,-1.0,1.0,0.08839285714285713,0.11293397558273645,0.0,1.0,0.0625
89,article_19p1.txt,0.0674080747334105,-1.0,0.9,0.0,0.07630681929443381,0.0,0.7166666666666666,0.0
90,article_19p2.txt,0.04662333262943017,-0.85,0.7,0.0625,0.05066826804631683,0.0,0.3333333333333333,0.0
91,article_19p3.txt,0.05021534792368124,-0.25416666666666665,0.425,0.039393939393939384,0.174172278338945,0.0,0.3333333333333333,0.19166666666666665
92,article_19p4.txt,0.04361556456009362,-1.0,1.0,0.0,0.10302437473268497,0.0,1.0,0.0
93,article_19p5.txt,0.08729317330296518,-1.0,0.7,0.01190476190476191,0.09099205228336195,0.0,0.8,0.0
94,article_19p6.txt,0.0760886818495514,-0.5166666666666666,0.38125,0.10833333333333334,0.13434782608695653,0.0,0.9,0.0
95,article_19p7.txt,0.10919840703162027,-1.0,1.0,0.07500000000000001,0.11187474837470734,0.0,1.0,0.015384615384615385
96,article_19p8.txt,0.11866822991822992,-0.33999999999999997,0.75,0.04722222222222222,0.17345959595959595,0.0,1.0,0.06666666666666667
97,article_19p9.txt,,,,,,,,
98,article_1p0.txt,0.08838675213675215,-1.0,1.0,0.0,0.09126194686539514,0.0,1.0,0.0
99,article_1p1.txt,0.1204818039829481,-1.0,1.0,0.06666666666666665,0.12484568802094953,0.0,0.8,0.017857142857142856
100,article_1p10.txt,0.11894103234728236,-1.0,1.0,0.057499999999999996,0.104668685150828,0.0,1.0,0.0
101,article_1p11.txt,0.09247986047708068,-0.7,1.0,0.0,0.08983062330623305,0.0,1.0,0.0
102,article_1p12.txt,0.044669208829365065,-0.5,0.5,0.0,0.069302398989899,0.0,0.5,0.0
103,article_1p13.txt,0.04700889966514966,-0.7,0.38125,0.016346153846153847,0.07234784891034891,0.0,0.3333333333333333,0.0
104,article_1p14.txt,-0.0035257936507936544,-0.45666666666666667,0.6166666666666666,0.004166666666666652,0.09604166666666666,0.0,0.5,0.016666666666666666
105,article_1p15.txt,0.10358172356993112,-0.4375,1.0,0.04375,0.08511069643145115,0.0,0.7,0.0
106,article_1p16.txt,0.06486023519111755,-0.6666666666666666,1.0,0.0,0.0897035042623278,0.0,0.75,0.0
107,article_1p17.txt,0.08370277035308049,-1.0,1.0,0.042499999999999996,0.09098041756878597,0.0,0.6666666666666666,0.015865384615384615
108,article_1p18.txt,0.07933992148112516,-1.0,1.0,0.0,0.0695398428731762,0.0,0.6666666666666666,0.0
109,article_1p19.txt,0.05461142728526472,-1.0,1.0,0.0,0.09714674501889783,0.0,1.0,0.0
110,article_1p2.txt,,,,,,,,
111,article_1p3.txt,0.10473311095913955,-0.7,1.0,0.07142857142857142,0.10498484599477997,0.0,0.75,0.0
112,article_1p4.txt,0.1561457469999136,-1.0,1.0,0.18404761904761907,0.11863334402223293,0.0,1.0,0.0
113,article_1p5.txt,0.06901677772118947,-1.0,1.0,0.033333333333333326,0.09839283238547943,0.0,0.6666666666666666,0.0
114,article_1p6.txt,0.08844908679571063,-1.0,1.0,0.0,0.09782292567814518,0.0,1.0,0.0
115,article_1p7.txt,0.07027853535353533,-0.75,1.0,0.03166666666666667,0.12254999999999998,0.0,0.6666666666666666,0.07670454545454546
116,article_1p8.txt,0.09443607390873017,-1.0,1.0,0.018611111111111127,0.09591021039826188,0.0,1.0,0.0
117,article_20p0.txt,0.1742328944203944,-0.3333333333333333,1.0,0.12916666666666665,0.08132205513784461,0.0,0.5,0.0
118,article_20p1.txt,0.0876744977905692,-1.0,1.0,0.0,0.07453515466015467,0.0,0.9,0.0
119,article_20p2.txt,0.10884652601377426,-0.5666666666666667,0.7666666666666666,0.11249999999999999,0.10777772825380004,0.0,0.5555555555555555,0.03809523809523809
120,article_20p3.txt,0.09917743104146613,-0.6666666666666666,1.0,0.030000000000000006,0.09678998291627008,0.0,0.5466666666666666,0.041666666666666664
121,article_20p5.txt,0.033978909465020586,-0.5666666666666667,1.0,0.0,0.1014506172839506,0.0,0.6,0.0
122,article_20p6.txt,0.08323757573942465,-1.0,1.0,0.02333333333333333,0.09422796736785091,0.0,1.0,0.0
123,article_20p7.txt,-0.04798710792131843,-0.7124999999999999,0.5,-0.025000000000000005,0.051089845826687935,0.0,0.5,0.0
124,article_20p8.txt,0.013858139409609999,-0.35,0.34062499999999996,0.0,0.19787761258349493,0.0,1.0,0.14285714285714285
125,article_20p9.txt,0.08338373904043392,-1.0,1.0,0.05,0.09180614809108914,0.0,1.0,0.0
126,article_21p0.txt,0.09311554903140201,-0.54,1.0,0.04302083333333333,0.08444138464772216,0.0,0.75,0.0
127,article_21p1.txt,0.10174624127275643,-1.0,0.85,0.046875,0.08564741935954057,0.0,0.5,0.0
128,article_21p2.txt,0.04283279160630603,-1.0,1.0,0.0,0.09028611661138543,0.0,1.0,0.0
129,article_21p3.txt,0.07745012375886436,-0.7,0.925,0.07164141414141414,0.10032355123990463,0.0,0.5,0.05131578947368421
130,article_21p4.txt,0.07729583459073118,-1.0,1.0,0.03749999999999999,0.08811620111416865,0.0,1.0,0.0
131,article_21p5.txt,,,,,,,,
132,article_21p6.txt,-0.040879840706968366,-0.7,0.6166666666666667,0.0,0.08266210739614996,0.0,0.8,0.0
133,article_21p7.txt,0.05421994731800766,-0.7,0.5666666666666667,0.0,0.08626676245210728,0.0,0.3888888888888889,0.0421455938697318
134,article_21p8.txt,-0.04970613470613471,-1.0,0.7,0.0,0.10866366366366366,0.0,0.75,0.0
135,article_21p9.txt,0.1437309804363674,-1.0,1.0,0.10000000000000002,0.09459939555675344,0.0,0.6,0.0
136,article_22p0.txt,0.08598514154007425,-1.0,1.0,0.0,0.07722982610314448,0.0,1.0,0.0
137,article_22p1.txt,0.10859916976436369,-0.7,1.0,0.04999999999999999,0.08333436658135594,0.0,1.0,0.0
138,article_22p2.txt,0.08415830101436161,-1.0,1.0,0.033333333333333326,0.1085757536515112,0.0,0.7,0.03571428571428571
139,article_22p4.txt,0.0320999370999371,-0.235,0.35,0.058035714285714274,0.0869309163059163,0.0,0.5599999999999999,0.03125
140,article_22p5.txt,,,,,,,,
141,article_22p6.txt,0.052533599807549916,-1.0,0.8125,0.0076986260454002375,0.0659463794265011,0.0,0.75,0.0
142,article_22p7.txt,0.10596983050430282,-0.5,1.0,0.070625,0.0943759359953131,0.0,1.0,0.05555555555555555
143,article_22p8.txt,0.09404110387487327,-1.0,1.0,0.06999999999999999,0.08916758878009327,0.0,1.0,0.0
144,article_22p9.txt,0.03807254039701279,-0.5666666666666667,0.6,0.0,0.10117387257403489,0.0,0.9,0.01515151515151515
145,article_23p0.txt,0.1153157761615005,-1.0,1.0,0.10378787878787878,0.0914312306445658,0.0,1.0,0.0
146,article_23p1.txt,0.05536312241791694,-0.85,1.0,0.0,0.06854832572298328,0.0,0.5,0.0
147,article_23p2.txt,0.1316268963950852,-0.5,1.0,0.0650735294117647,0.07938195691381963,0.0,0.8,0.0
148,article_23p3.txt,0.06735117894894582,-1.0,1.0,0.02916666666666666,0.07186760094984494,0.0,1.0,0.0
149,article_23p4.txt,0.12190248104168556,-0.5125,1.0,0.128125,0.0922652867965368,0.0,1.0,0.0
150,article_23p5.txt,0.041989044153678295,-1.0,1.0,0.0,0.046074250952299736,0.0,0.3333333333333333,0.0
151,article_23p6.txt,0.06713242135939207,-1.0,1.0,0.016964285714285713,0.07622977796887986,0.0,0.5,0.0
152,article_23p7.txt,0.05527899958333003,-1.0,1.0,0.0,0.08914265565325631,0.0,1.0,0.0
153,article_23p8.txt,0.12474185305435304,-1.0,1.0,0.1359375,0.09595115268329554,0.0,1.0,0.0
154,article_23p9.txt,0.11767292974735039,-0.5,1.0,0.07916666666666666,0.04209595959595959,0.0,0.5,0.0
155,article_24p0.txt,-0.013814798749009264,-0.7749999999999999,1.0,0.0,0.07448707238180924,0.0,0.5,0.0
156,article_24p1.txt,0.09809665550994857,-0.675,0.7375,0.07777272727272727,0.08302182425359611,0.0,1.0,0.0
157,article_24p2.txt,,,,,,,,
158,article_24p3.txt,0.07297393100194824,-1.0,1.0,0.0,0.11855508284818629,0.0,0.5599999999999999,0.008
159,article_24p4.txt,,,,,,,,
160,article_24p5.txt,0.2266186299081036,-0.15000000000000002,1.0,0.085,0.14238095238095239,0.0,0.5,0.0
161,article_24p6.txt,0.0581574074074074,-0.5,0.7,0.0,0.08888888888888888,0.0,0.75,0.0
162,article_24p7.txt,0.02205240321221368,-1.0,1.0,0.0,0.0754380685605323,0.0,1.0,0.0
163,article_24p8.txt,0.2745728218142011,-0.2799999999999999,0.925,0.26249999999999996,0.08282828282828283,0.0,1.0,0.0
164,article_24p9.txt,0.10219370274022715,-1.0,1.0,0.04502314814814814,0.10735574333354048,0.0,1.0,0.0
165,article_25p0.txt,0.08772693259858858,-1.0,1.0,0.047826086956521734,0.1009976408033946,0.0,1.0,0.045454545454545456
166,article_25p1.txt,,,,,,,,
167,article_25p2.txt,0.08701164893033404,-0.85,1.0,0.033333333333333326,0.09518454226153189,0.0,1.0,0.0
168,article_25p3.txt,0.09430733705327861,-0.85,1.0,0.0015151515151515097,0.08768062817413466,0.0,0.5333333333333333,0.0
169,article_25p4.txt,0.108353021978022,-0.375,0.7,0.0,0.06115787545787546,0.0,0.5,0.0
170,article_25p5.txt,0.08510433386801444,-1.0,1.0,0.04999999999999999,0.08976862351665146,0.0,1.0,0.0
171,article_25p6.txt,0.08487264213830291,-1.0,1.0,0.09222222222222222,0.08510786115555809,0.0,1.0,0.0
172,article_25p7.txt,0.24306061628430048,0.0,0.85,0.2,0.1344298245614035,0.0,0.525,0.0
173,article_25p8.txt,0.07890639844544356,-1.0,1.0,0.030535714285714277,0.09927406122222693,0.0,1.0,0.021708683473389355
174,article_25p9.txt,0.10916029092019014,-1.0,1.0,0.01190476190476191,0.08219611011870984,0.0,1.0,0.0
175,article_26p0.txt,0.044369450910254564,-1.0,1.0,0.0,0.09728884472411811,0.0,1.0,0.0
176,article_26p1.txt,0.15122583850928153,-0.5666666666666667,1.0,0.08944444444444444,0.10626588518693778,0.0,1.0,0.0
177,article_26p2.txt,0.14149638568978193,-0.85,1.0,0.08916666666666667,0.06716827015842602,0.0,0.8,0.0
178,article_26p3.txt,0.10381267670508518,-1.0,1.0,0.05714285714285713,0.09765569283062964,0.0,1.0,0.041666666666666664
179,article_26p4.txt,0.05907555127994378,-1.0,1.0,0.027777777777777776,0.10361567871393208,0.0,1.0,0.0
180,article_26p5.txt,0.06572871976302684,-0.6166666666666667,1.0,0.0,0.09370476844224898,0.0,0.8,0.0
181,article_26p6.txt,0.1070532906032812,-0.85,1.0,0.07777777777777778,0.09948939038073161,0.0,1.0,0.03571428571428571
182,article_26p7.txt,0.07935131811107352,-1.0,1.0,0.0,0.10492526126407088,0.0,1.0,0.0
183,article_26p8.txt,0.06172451759458177,-1.0,1.0,0.0,0.0725184382866378,0.0,0.6666666666666666,0.0
184,article_26p9.txt,0.06640557393173303,-1.0,1.0,0.0,0.09798992848264161,0.0,1.0,0.042105263157894736
185,article_27p0.txt,0.09380390041836138,-1.0,1.0,0.05,0.07980665101895078,0.0,1.0,0.0
186,article_27p1.txt,0.03889890973224307,-0.42857142857142855,0.54,0.059999999999999984,0.0703759820426487,0.0,0.24074074074074073,0.045454545454545456
187,article_27p2.txt,0.11628164885100045,-0.7,1.0,0.056944444444444436,0.07246486891005606,0.0,0.6666666666666666,0.0
188,article_27p3.txt,0.1893994708994709,-0.35,1.0,0.0875,0.12482539682539683,0.0,0.5,0.03571428571428571
189,article_27p5.txt,0.049632100139332926,-1.0,1.0,0.0,0.09680835711824208,0.0,1.0,0.0
190,article_27p6.txt,0.09831442147327979,-1.0,1.0,0.02727272727272728,0.08346314726633254,0.0,0.611111111111111,0.0
191,article_27p7.txt,0.08181579771340354,-0.85,1.0,0.07238095238095237,0.08638571599947406,0.0,1.0,0.0
192,article_27p8.txt,0.12102365026278075,-1.0,0.5900000000000001,0.103125,0.10388968519403305,0.0,0.6666666666666666,0.07692307692307693
193,article_28p0.txt,0.09368075031085935,-1.0,1.0,0.05777777777777777,0.08094703732931129,0.0,0.5,0.0
194,article_28p1.txt,,,,,,,,
195,article_28p2.txt,,,,,,,,
196,article_28p3.txt,0.08385753486172805,-1.0,1.0,0.05,0.0805568142175285,0.0,1.0,0.0
197,article_28p4.txt,0.09349627224627223,-0.51,0.6,0.09999999999999999,0.11634199134199136,0.0,0.5,0.1
198,article_28p5.txt,0.10004186528653952,-1.0,0.7749999999999999,0.09411764705882351,0.08460825512874884,0.0,0.5333333333333333,0.0
199,article_28p6.txt,,,,,,,,
200,article_28p7.txt,,,,,,,,
201,article_28p8.txt,0.08074655106461937,-1.0,1.0,0.028333333333333332,0.10046250670334256,0.0,1.0,0.0
202,article_28p9.txt,0.1399975670892854,-1.0,1.0,0.07500000000000001,0.08260897490257656,0.0,1.0,0.0
203,article_29p0.txt,,,,,,,,
204,article_29p1.txt,,,,,,,,
205,article_29p2.txt,0.14782159149228583,-0.7,1.0,0.1,0.093409918289696,0.0,1.0,0.0
206,article_29p3.txt,0.11161582390661527,-1.0,1.0,0.07777777777777777,0.09462164018676626,0.0,1.0,0.0
207,article_29p4.txt,0.09527522299957926,-1.0,1.0,0.02611111111111112,0.08023902504156458,0.0,1.0,0.0
208,article_29p5.txt,,,,,,,,
209,article_29p6.txt,,,,,,,,
210,article_29p7.txt,0.18252267573696143,-0.2,1.0,0.22738095238095235,0.09305555555555556,0.0,0.6666666666666666,0.0
211,article_29p8.txt,0.08311152013332909,-1.0,1.0,0.041428571428571426,0.09141789933433779,0.0,0.5,0.0
212,article_29p9.txt,,,,,,,,
213,article_2p0.txt,0.026967191426716098,-1.0,1.0,0.0,0.0798182897725786,0.0,0.5,0.0
214,article_2p1.txt,,,,,,,,
215,article_2p2.txt,,,,,,,,
216,article_2p3.txt,0.07194249346261596,-1.0,1.0,0.03333333333333333,0.10062621804083263,0.0,1.0,0.0
217,article_2p4.txt,0.09950812568190619,-1.0,1.0,0.13999999999999999,0.08697216063069722,0.0,0.6666666666666666,0.0
218,article_2p5.txt,0.11582032003084632,-1.0,0.7374999999999999,0.09791666666666665,0.12998923897044198,0.0,1.0,0.0
219,article_2p6.txt,,,,,,,,
220,article_2p7.txt,,,,,,,,
221,article_2p8.txt,0.12885117502562557,-0.6166666666666667,1.0,0.05249999999999999,0.11645673008310371,0.0,1.0,0.02564102564102564
222,article_2p9.txt,-0.00620689655172415,-0.7,0.6199999999999999,0.0,0.09885057471264368,0.0,0.5,0.0
223,article_30p0.txt,0.07635907203749082,-1.0,0.85,0.018750000000000003,0.09392245871412538,0.0,1.0,0.0
224,article_30p1.txt,0.08866798941798942,-0.5,1.0,0.0,0.0960436463697333,0.0,0.75,0.0
225,article_30p2.txt,0.1445120558453892,-0.7,1.0,0.09543650793650794,0.11854056437389769,0.0,0.6666666666666666,0.0
226,article_30p3.txt,0.06173295454545453,-1.0,1.0,0.037500000000000006,0.03741101491101491,0.0,0.5,0.0
227,article_30p4.txt,0.06279471381445065,-0.27222222222222225,0.5666666666666667,0.0,0.11126285264443157,0.0,0.5,0.034523809523809526
228,article_30p5.txt,0.08172326958046608,-1.0,1.0,0.06666666666666667,0.12268273574197788,0.0,1.0,0.05555555555555555
229,article_30p6.txt,0.09737604621857326,-1.0,1.0,0.05527777777777777,0.10091350179509366,0.0,1.0,0.0
230,article_30p7.txt,0.10746335258022563,-1.0,1.0,0.0765,0.06732741057818456,0.0,0.6666666666666666,0.0
231,article_30p8.txt,0.04762690590760766,-1.0,1.0,0.0,0.0841177454773946,0.0,1.0,0.0
232,article_30p9.txt,0.1674687044705161,-0.11904761904761904,1.0,0.09567901234567902,0.0957384403036577,0.0,0.4,0.03333333333333333
233,article_31p0.txt,0.14478306878306876,-0.7,1.0,0.05,0.10113425925925926,0.0,0.8,0.0
234,article_31p1.txt,0.08369567429536136,-1.0,1.0,0.03660714285714286,0.09865673943381258,0.0,1.0,0.0
235,article_31p2.txt,,,,,,,,
236,article_31p3.txt,,,,,,,,
237,article_31p4.txt,0.09616732804232804,-1.0,0.7,0.0,0.10833333333333334,0.0,1.0,0.0
238,article_31p5.txt,0.07193548387096772,-0.85,1.0,0.0,0.08602150537634408,0.0,1.0,0.0
239,article_31p6.txt,0.07932777235473314,-1.0,1.0,0.03541666666666668,0.07903805208952269,0.0,0.9,0.0
240,article_31p7.txt,0.1416078863392891,-0.6071428571428571,1.0,0.11794871794871795,0.08542930122963581,0.0,0.75,0.0
241,article_31p8.txt,,,,,,,,
242,article_31p9.txt,0.05863545946143772,-1.0,1.0,0.007291666666666662,0.10710695231437449,0.0,1.0,0.014285714285714287
243,article_32p0.txt,,,,,,,,
244,article_32p1.txt,0.08426723261074764,-0.675,1.0,0.07777777777777778,0.0930258072128373,0.0,0.5,0.0
245,article_32p2.txt,,,,,,,,
246,article_32p3.txt,0.014801587301587293,-1.0,1.0,0.0,0.09703231292517006,0.0,1.0,0.0
247,article_32p4.txt,0.20698453344303386,-0.33888888888888885,0.5666666666666667,0.2333333333333333,0.07109861803526599,0.0,0.625,0.0
248,article_32p5.txt,0.015767508083480306,-0.7,0.376,0.030952380952380953,0.0774726970560304,0.0,0.26,0.049444444444444444
249,article_32p6.txt,0.07842368934914862,-1.0,1.0,0.039999999999999994,0.09219344564628967,0.0,0.7111111111111111,0.0
250,article_32p7.txt,0.09716104497354498,-0.6375,0.7,0.09833333333333333,0.08013888888888888,0.0,0.58,0.0
251,article_32p8.txt,,,,,,,,
252,article_32p9.txt,,,,,,,,
253,article_33p0.txt,0.07739987008583617,-0.575,1.0,0.04935897435897436,0.09368551958009849,0.0,1.0,0.04575163398692811
254,article_33p1.txt,0.07260520395641475,-1.0,1.0,0.05,0.09241762005694901,0.0,1.0,0.0
255,article_33p2.txt,0.07274305555555556,-0.5,0.85,0.0,0.08217592592592593,0.0,0.3333333333333333,0.0
256,article_33p3.txt,0.06781284437337999,-1.0,1.0,0.05000000000000001,0.10375906992329925,0.0,1.0,0.029910714285714284
257,article_33p4.txt,0.11748819362455727,-0.1875,0.7,0.125,0.21414141414141416,0.0,0.8333333333333333,0.0
258,article_33p5.txt,0.06361758836923312,-1.0,1.0,0.05416666666666666,0.0937636140053903,0.0,0.5,0.0
259,article_33p6.txt,0.13006986449262867,-0.75,1.0,0.09444444444444444,0.0850151572306044,0.0,0.6666666666666666,0.0
260,article_33p7.txt,0.10094992573926437,-0.85,1.0,0.0525,0.11132560921290095,0.0,1.0,0.0
261,article_33p8.txt,,,,,,,,
262,article_33p9.txt,0.13297197511483227,-0.3333333333333333,0.5,0.0642857142857143,0.07185956900242615,0.0,0.5,0.0
263,article_34p0.txt,,,,,,,,
264,article_34p1.txt,0.0950620732902843,-1.0,1.0,0.04444444444444445,0.09333914358379185,0.0,1.0,0.0
265,article_34p2.txt,0.09196973345311112,-1.0,1.0,0.030000000000000006,0.09007141449960594,0.0,1.0,0.0
266,article_34p3.txt,,,,,,,,
267,article_34p4.txt,0.0747488983472177,-0.53,0.5249999999999999,0.05624999999999999,0.08896504965622613,0.0,1.0,0.047058823529411764
268,article_34p5.txt,0.0731467903483304,-0.7,1.0,0.0375,0.09470872560613182,0.0,1.0,0.02962962962962963
269,article_34p6.txt,,,,,,,,
270,article_34p7.txt,0.1057766812865497,-0.5,1.0,0.0,0.05423976608187135,0.0,0.5,0.0
271,article_34p8.txt,0.04017867255261284,-0.7999999999999999,1.0,0.0,0.10636628570016728,0.0,1.0,0.04880952380952381
272,article_34p9.txt,,,,,,,,
273,article_35p0.txt,0.09067763447971781,-0.7,1.0,0.012367724867724849,0.09792658730158732,0.0,1.0,0.0
274,article_35p1.txt,0.08702252105172824,-1.0,1.0,0.06555555555555555,0.11152130375896586,0.0,1.0,0.051587301587301584
275,article_35p2.txt,0.0881622879036672,-0.675,1.0,0.039999999999999994,0.0895977011494253,0.0,0.6,0.0
276,article_35p3.txt,0.10980081666285851,-1.0,1.0,0.075,0.06891289123473804,0.0,0.5,0.0
277,article_35p4.txt,,,,,,,,
278,article_35p5.txt,0.07599548840853192,-0.5,0.85,0.022500000000000006,0.09860056336284823,0.0,1.0,0.031818181818181815
279,article_35p6.txt,,,,,,,,
280,article_35p7.txt,0.07216939753205187,-0.6666666666666666,0.925,0.061111111111111116,0.09300274199965558,0.0,0.5,0.03571428571428571
281,article_35p8.txt,0.10558656348291283,-1.0,1.0,0.08819444444444445,0.07910656757031885,0.0,1.0,0.0
282,article_35p9.txt,0.06224102963702961,-1.0,0.7999999999999999,0.0,0.10821599511599508,0.0,1.0,0.0
283,article_36p0.txt,0.082168364335375,-0.425,0.6166666666666667,0.05952380952380952,0.09340939612794884,0.0,0.5,0.04597701149425287
284,article_36p1.txt,0.08881138392857142,-0.5,1.0,0.034895833333333334,0.12578124999999998,0.0,0.6666666666666666,0.03125
285,article_36p2.txt,0.10309263217555033,-1.0,1.0,0.04338235294117647,0.08769102734103702,0.0,0.5599999999999999,0.0
286,article_36p3.txt,0.09119860132506075,-1.0,1.0,0.06394444444444444,0.07687077925749285,0.0,0.6666666666666666,0.0
287,article_36p4.txt,0.07444586856622086,-1.0,1.0,0.053125000000000006,0.09315455374330467,0.0,1.0,0.0
288,article_36p5.txt,0.08764098480493768,-1.0,1.0,0.0,0.11750422700815431,0.0,1.0,0.0
289,article_36p6.txt,0.10363109057161471,-1.0,0.85,0.0,0.06156350370060048,0.0,1.0,0.0
290,article_36p7.txt,0.10003301366285113,-0.7,1.0,0.06160714285714285,0.09469420145503737,0.0,0.75,0.04722222222222222
291,article_36p8.txt,0.09339318335427244,-1.0,1.0,0.04999999999999999,0.08837764225517919,0.0,1.0,0.0
292,article_36p9.txt,0.1438122014437804,-0.5666666666666667,0.85,0.10833333333333334,0.0654100529100529,0.0,1.0,0.0
293,article_37p0.txt,,,,,,,,
294,article_37p1.txt,0.10164849828820416,-1.0,1.0,0.0,0.07025706115779647,0.0,1.0,0.0
295,article_37p2.txt,0.09024125249508988,-1.0,1.0,0.05694444444444443,0.10352434810786203,0.0,1.0,0.0
296,article_37p3.txt,0.046277322810827956,-0.85,1.0,0.0,0.14874667142708378,0.0,1.0,0.0
297,article_37p4.txt,,,,,,,,
298,article_37p5.txt,,,,,,,,
299,article_37p6.txt,,,,,,,,
300,article_37p7.txt,,,,,,,,
301,article_37p8.txt,0.10853256249625569,-0.6999999999999998,0.7749999999999999,0.10297619047619047,0.09316867932988399,0.0,0.6666666666666666,0.015476190476190477
302,article_37p9.txt,0.08161038503470562,-1.0,1.0,0.0,0.08109642962498134,0.0,1.0,0.0
303,article_38p1.txt,,,,,,,,
304,article_38p2.txt,0.09165467216873342,-1.0,1.0,0.06157894736842105,0.09141151129828899,0.0,1.0,0.0
305,article_38p3.txt,,,,,,,,
306,article_38p4.txt,0.079577759772245,-1.0,1.0,0.05000000000000001,0.08644322414646159,0.0,1.0,0.0
307,article_38p5.txt,0.06545986668754526,-1.0,1.0,0.0,0.06952921830153974,0.0,0.8,0.0
308,article_38p6.txt,0.18492416905700146,-0.5,1.0,0.1159313725490196,0.09913310995152423,0.0,1.0,0.0
309,article_38p7.txt,0.11640012147373972,-1.0,1.0,0.06833333333333333,0.10337110226297389,0.0,1.0,0.0
310,article_38p8.txt,0.17396815303810814,-0.5,1.0,0.17583333333333334,0.08750704701072348,0.0,0.6,0.0
311,article_38p9.txt,0.09421068858629834,-1.0,1.0,0.051000000000000004,0.10301095938379626,0.0,1.0,0.0
312,article_39p0.txt,,,,,,,,
313,article_39p1.txt,0.10565335012210013,-1.0,1.0,0.11458333333333333,0.11812101266788766,0.0,1.0,0.0
314,article_39p2.txt,0.10412760850554932,-0.5,1.0,0.05714285714285713,0.10297730434808122,0.0,1.0,0.0
315,article_39p3.txt,0.10631081501479404,-1.0,1.0,0.02083333333333333,0.10466160463584946,0.0,1.0,0.0
316,article_39p4.txt,,,,,,,,
317,article_39p5.txt,0.079940636216284,-1.0,1.0,0.0875,0.060510351274240155,0.0,1.0,0.0
318,article_39p6.txt,0.08419604039920675,-1.0,1.0,0.1,0.08376086130776848,0.0,1.0,0.0
319,article_39p7.txt,0.061536218499106156,-1.0,1.0,0.0,0.09030456773387754,0.0,0.75,0.0
320,article_39p8.txt,-0.019243386243386243,-0.3333333333333333,0.5833333333333334,-0.049999999999999996,0.14568253968253972,0.0,0.75,0.07333333333333333
321,article_39p9.txt,0.12385144353976325,-1.0,1.0,0.09999999999999998,0.07838083410214557,0.0,1.0,0.0
322,article_3p0.txt,0.08933333333333333,-1.0,0.7,0.1,0.14809523809523809,0.0,1.0,0.08333333333333333
323,article_3p1.txt,,,,,,,,
324,article_3p2.txt,0.07280166298710194,-1.0,1.0,0.033333333333333326,0.09628478231181008,0.0,1.0,0.0
325,article_3p3.txt,0.02909648418190805,-1.0,1.0,0.0,0.041969434832756634,0.0,0.3333333333333333,0.0
326,article_3p4.txt,0.18896801081543727,-0.41875,1.0,0.16666666666666666,0.037105119825708056,0.0,0.25,0.0
327,article_3p5.txt,0.057412935323383096,-0.7,0.7,0.0,0.07802653399668324,0.0,0.5,0.0
328,article_3p6.txt,0.08148019077986307,-1.0,1.0,0.025000000000000005,0.11104008205480219,0.0,1.0,0.0
329,article_3p7.txt,0.06122199337784691,-1.0,1.0,0.0,0.10496961575738968,0.0,1.0,0.0
330,article_3p8.txt,0.07627985739885326,-1.0,1.0,0.0,0.08957925581184095,0.0,1.0,0.0
331,article_3p9.txt,0.03877138928609517,-1.0,1.0,0.0,0.10547499069557892,0.0,1.0,0.0
332,article_40p0.txt,,,,,,,,
333,article_40p1.txt,,,,,,,,
334,article_40p2.txt,,,,,,,,
335,article_40p3.txt,0.10037349516635337,-1.0,1.0,0.04861111111111112,0.0862743482678511,0.0,1.0,0.0
336,article_40p4.txt,0.059924342503622295,-0.7,0.7,0.033333333333333326,0.1139638196840308,0.0,1.0,0.0
337,article_40p5.txt,0.09929704796142728,-1.0,1.0,0.0725,0.08050229336429521,0.0,1.0,0.0
338,article_40p6.txt,0.1110067167677619,-1.0,1.0,0.03499999999999999,0.08820630712702368,0.0,1.0,0.0
339,article_40p7.txt,0.12164266216477217,-1.0,1.0,0.07500000000000001,0.07582917983896988,0.0,1.0,0.0
340,article_40p8.txt,0.0925351373276614,-1.0,1.0,0.05000000000000001,0.09314248345215462,0.0,1.0,0.0
341,article_40p9.txt,0.10289471314850768,-1.0,1.0,0.041176470588235294,0.10717069460404793,0.0,1.0,0.0
342,article_41p1.txt,,,,,,,,
343,article_41p2.txt,,,,,,,,
344,article_41p3.txt,,,,,,,,
345,article_41p4.txt,0.10103837980703652,-0.7,0.7,0.09090909090909091,0.09630740735218346,0.0,1.0,0.020833333333333332
346,article_41p5.txt,0.06777552701107448,-1.0,1.0,0.04062500000000001,0.06844075868521501,0.0,0.5,0.0
347,article_41p6.txt,,,,,,,,
348,article_41p7.txt,0.09444240735702783,-1.0,1.0,0.07500000000000001,0.10122611746233076,0.0,1.0,0.0
349,article_41p8.txt,0.10858578016186712,-0.59375,1.0,0.027500000000000004,0.09053226363008972,0.0,0.375,0.0
350,article_41p9.txt,0.09191414373549116,-0.5,1.0,0.06190476190476191,0.07759924358433273,0.0,1.0,0.0
351,article_42p1.txt,0.05980679057519904,-1.0,1.0,0.015384615384615389,0.09575893024467545,0.0,0.75,0.0
352,article_42p2.txt,,,,,,,,
353,article_42p3.txt,0.1636029411764706,-0.30833333333333335,0.85,0.11666666666666665,0.0713235294117647,0.0,0.25,0.0
354,article_42p4.txt,,,,,,,,
355,article_42p5.txt,0.04041940465067996,-1.0,0.7,0.0,0.11424342105263159,0.0,0.58,0.05555555555555555
356,article_42p6.txt,0.04326743763219175,-1.0,1.0,0.0,0.15583420450223728,0.0,1.0,0.0625
357,article_42p7.txt,,,,,,,,
358,article_42p8.txt,0.03964821964821964,-1.0,0.9,0.049999999999999996,0.10526598026598025,0.0,0.5,0.0
359,article_42p9.txt,,,,,,,,
360,article_43p0.txt,0.09099189778931159,-1.0,1.0,0.030000000000000006,0.08593905569890789,0.0,0.6666666666666666,0.0
361,article_43p1.txt,0.040894510582010574,-0.5,1.0,0.0,0.057819349962207105,0.0,0.2857142857142857,0.0
362,article_43p2.txt,0.08476276469009027,-1.0,1.0,0.11666666666666665,0.09316461961810794,0.0,1.0,0.0
363,article_43p3.txt,0.08866055334515167,-1.0,1.0,0.06923076923076922,0.08028264744427313,0.0,1.0,0.0
364,article_43p4.txt,,,,,,,,
365,article_43p5.txt,0.0479841039951334,-1.0,0.85,0.0,0.11496693121693118,0.0,1.0,0.0
366,article_43p6.txt,0.09198934685642832,-1.0,1.0,0.056249999999999994,0.0918718795868117,0.0,0.6,0.0
367,article_43p7.txt,0.18454575285825287,-0.3333333333333333,1.0,0.1784090909090909,0.09955671386226941,0.0,0.6875,0.0
368,article_43p8.txt,,,,,,,,
369,article_43p9.txt,0.10852029961470261,-1.0,1.0,0.058712121212121215,0.08664714968001166,0.0,1.0,0.0
370,article_44p4.txt,0.1141043960568417,-0.425,0.85,0.12083333333333332,0.09413990447957839,0.0,0.8933333333333333,0.0
371,article_44p6.txt,,,,,,,,
372,article_44p7.txt,-0.07368394945697578,-0.8666666666666667,0.35,0.0,0.06274018379281537,0.0,0.4,0.0
373,article_44p8.txt,0.060279067751893844,-1.0,1.0,0.08546195652173912,0.06728135994440342,0.0,0.5,0.0
374,article_44p9.txt,0.194449716949717,-0.13999999999999999,0.9400000000000001,0.1433333333333333,0.07986772486772487,0.0,0.5,0.0
375,article_45p3.txt,,,,,,,,
376,article_45p4.txt,0.08719268249433818,-1.0,1.0,0.033333333333333326,0.08992457318100039,0.0,1.0,0.0
377,article_45p5.txt,0.036383928571428574,-1.0,0.6,0.03333333333333333,0.07593330280830281,0.0,0.375,0.0
378,article_45p6.txt,0.1275087932900433,-0.3333333333333333,0.425,0.12187499999999998,0.06444805194805195,0.0,0.25,0.020833333333333332
379,article_45p7.txt,,,,,,,,
380,article_45p8.txt,,,,,,,,
381,article_45p9.txt,0.10284102821581405,-0.7,1.0,0.0659090909090909,0.11359339409453627,0.0,1.0,0.0
382,article_46p2.txt,0.08931368218339783,-1.0,1.0,0.06999999999999999,0.08374866570669184,0.0,1.0,0.0
383,article_46p3.txt,,,,,,,,
384,article_46p4.txt,,,,,,,,
385,article_46p5.txt,0.06490298392084111,-0.5,1.0,0.06477272727272727,0.09509431045145329,0.0,0.5599999999999999,0.045454545454545456
386,article_46p6.txt,0.11416031746031749,-0.5,1.0,0.033333333333333326,0.10463333333333334,0.0,1.0,0.0
387,article_46p7.txt,,,,,,,,
388,article_46p8.txt,,,,,,,,
389,article_46p9.txt,0.09608930352055352,-0.4583333333333333,0.6100000000000001,0.0875,0.08968631715506716,0.0,0.4761904761904762,0.05897435897435897
390,article_47p0.txt,0.037904135938183245,-0.925,0.7,0.030681818181818178,0.07319264076952697,0.0,0.5,0.0
391,article_47p1.txt,0.01643111219045244,-1.0,1.0,0.0,0.09620737402294863,0.0,1.0,0.0
392,article_47p2.txt,0.08644242888747532,-1.0,0.7,0.07500000000000001,0.0901830088678828,0.0,1.0,0.0
393,article_47p3.txt,0.0896025741478784,-1.0,1.0,0.06515306122448979,0.0796597812338553,0.0,1.0,0.0
394,article_47p4.txt,,,,,,,,
395,article_47p5.txt,0.07447251248777047,-1.0,1.0,0.0,0.09447007393097151,0.0,1.0,0.0
396,article_47p6.txt,,,,,,,,
397,article_47p7.txt,0.08652822512616395,-0.925,0.925,0.056944444444444436,0.09849106466133947,0.0,0.5,0.0
398,article_47p8.txt,,,,,,,,
399,article_47p9.txt,,,,,,,,
400,article_48p1.txt,,,,,,,,
401,article_48p2.txt,0.10650449932491228,-0.7,1.0,0.07500000000000001,0.08751429728255541,0.0,0.6666666666666666,0.0
402,article_48p3.txt,0.0714141414141414,-1.0,0.85,0.0,0.1041735880398671,0.0,1.0,0.0
403,article_48p4.txt,0.021633928571428564,-1.0,0.5388888888888889,0.03333333333333334,0.10005423280423283,0.0,0.5,0.05555555555555555
404,article_48p5.txt,,,,,,,,
405,article_48p6.txt,0.059548540022069406,-0.6166666666666667,0.7,0.0,0.08923253119429589,0.0,0.52,0.0
406,article_48p7.txt,0.06723461830192598,-1.0,1.0,0.0,0.09331693377847224,0.0,1.0,0.0
407,article_48p8.txt,,,,,,,,
408,article_48p9.txt,,,,,,,,
409,article_49p2.txt,,,,,,,,
410,article_49p3.txt,0.10126653439153441,-0.7,0.44000000000000006,0.17083333333333334,0.10769400352733688,0.0,0.3,0.09166666666666667
411,article_49p4.txt,0.09218903743560976,-0.7,1.0,0.0,0.07945334126780389,0.0,0.5,0.0
412,article_49p5.txt,,,,,,,,
413,article_49p6.txt,,,,,,,,
414,article_49p7.txt,0.067147026962078,-1.0,1.0,0.11666666666666664,0.075683330275167,0.0,0.5,0.0
415,article_49p8.txt,0.062042333804628896,-0.7,1.0,0.0,0.10721009864452485,0.0,1.0,0.0
416,article_4p0.txt,0.09972018078539814,-0.6666666666666666,1.0,0.06999999999999999,0.09802707437490045,0.0,1.0,0.0
417,article_4p1.txt,0.07847306048954988,-1.0,1.0,0.0,0.0917898077100205,0.0,1.0,0.0
418,article_4p2.txt,0.07835497835497834,-0.5,1.0,0.0,0.045454545454545456,0.0,0.5,0.0
419,article_4p3.txt,0.04866871626174362,-1.0,0.8333333333333333,0.04999999999999999,0.0720040795931401,0.0,0.5555555555555556,0.0
420,article_4p4.txt,0.24445123634938448,-0.5,1.0,0.15142045454545455,0.06634499759499761,0.0,0.5,0.0
421,article_4p5.txt,0.0903270486601498,-1.0,1.0,0.002678571428571435,0.0748888214112573,0.0,0.5333333333333333,0.0
422,article_4p6.txt,,,,,,,,
423,article_4p7.txt,0.019417883876036334,-1.0,1.0,0.0,0.07438745310727131,0.0,1.0,0.0
424,article_4p8.txt,0.10073635359349645,-0.7,0.7,0.09285714285714286,0.1163041984470556,0.0,0.5,0.07142857142857142
425,article_4p9.txt,0.02704934112009584,-0.5,0.85,0.0,0.0744499735065773,0.0,0.5,0.0
426,article_50p5.txt,,,,,,,,
427,article_50p6.txt,0.06914200077450541,-1.0,1.0,0.0,0.07787529181075861,0.0,0.6666666666666666,0.0
428,article_50p7.txt,,,,,,,,
429,article_50p8.txt,,,,,,,,
430,article_50p9.txt,0.07314007792632637,-1.0,1.0,0.0,0.10209264842925404,0.0,1.0,0.0
431,article_51p1.txt,0.09560572213861832,-0.5,1.0,0.0822482638888889,0.09860322580617578,0.0,1.0,0.007575757575757575
432,article_51p2.txt,,,,,,,,
433,article_51p3.txt,,,,,,,,
434,article_51p4.txt,0.08801747883343417,-0.7,0.9,0.06249999999999999,0.10872819256643894,0.0,0.6666666666666666,0.07017543859649122
435,article_51p5.txt,,,,,,,,
436,article_51p6.txt,0.09552378809366391,-0.7,1.0,0.05000000000000001,0.10856970726535942,0.0,1.0,0.0
437,article_51p7.txt,,,,,,,,
438,article_51p8.txt,,,,,,,,
439,article_51p9.txt,0.05595889738840786,-0.7,1.0,0.0018518518518518515,0.09082147512850411,0.0,1.0,0.0
440,article_52p1.txt,0.06077532364297069,-0.475,0.6666666666666666,0.0,0.07194147929442046,0.0,0.5,0.0
441,article_52p3.txt,0.12294289044289042,-0.35,0.85,0.0,0.06527777777777777,0.0,0.4,0.0
442,article_52p4.txt,0.021417748917748933,-0.6666666666666666,0.64,0.1416666666666667,0.04966955266955266,0.0,0.21428571428571427,0.0
443,article_52p5.txt,,,,,,,,
444,article_52p6.txt,0.07566246565671433,-0.7,0.75,0.05000000000000001,0.0864520681221322,0.0,1.0,0.0
445,article_52p7.txt,0.04690431129716846,-1.0,1.0,0.0,0.0992686039709849,0.0,0.75,0.0
446,article_52p8.txt,0.1264845503958407,-0.6083333333333333,1.0,0.0,0.07660476321766645,0.0,1.0,0.0
447,article_52p9.txt,0.0832905664755542,-1.0,1.0,0.02886396011396011,0.11140635698723933,0.0,1.0,0.0
448,article_53p2.txt,,,,,,,,
449,article_53p3.txt,0.11726088623024236,-1.0,0.875,0.040808823529411765,0.07241989445302986,0.0,1.0,0.0
450,article_53p4.txt,,,,,,,,
451,article_53p5.txt,,,,,,,,
452,article_53p6.txt,,,,,,,,
453,article_53p7.txt,0.12746029049245966,-1.0,1.0,0.03787037037037036,0.11286049768586533,0.0,1.0,0.0
454,article_53p8.txt,,,,,,,,
455,article_53p9.txt,0.12438494607244606,-0.5,1.0,0.04583333333333334,0.13028810840575544,0.0,1.0,0.0625
456,article_54p3.txt,0.08264372649453297,-0.625,1.0,0.01944444444444444,0.11616307465190033,0.0,1.0,0.0
457,article_54p4.txt,0.002271177616117056,-0.5,0.7,0.0,0.11249459034493638,0.0,1.0,0.0
458,article_54p5.txt,0.1300374779541446,-0.7,1.0,0.12604166666666666,0.04478835978835978,0.0,0.2,0.0
459,article_54p6.txt,,,,,,,,
460,article_54p7.txt,0.11094074078094451,-1.0,0.6666666666666666,0.10833333333333331,0.04867465862272799,0.0,0.35000000000000003,0.0
461,article_54p8.txt,,,,,,,,
462,article_54p9.txt,0.0966679582733715,-1.0,1.0,0.02875,0.06712831198611978,0.0,0.5,0.0
463,article_55p1.txt,,,,,,,,
464,article_55p2.txt,,,,,,,,
465,article_55p3.txt,,,,,,,,
466,article_55p4.txt,0.1219943634491463,-1.0,1.0,0.09999999999999999,0.07245665244290864,0.0,0.5555555555555555,0.0
467,article_55p5.txt,0.07633979934674379,-1.0,1.0,0.0,0.05943921022393245,0.0,1.0,0.0
468,article_55p6.txt,,,,,,,,
469,article_55p7.txt,,,,,,,,
470,article_55p8.txt,0.07265337132003798,-0.4888888888888889,0.7,0.0,0.11675071225071225,0.0,1.0,0.0
471,article_55p9.txt,0.011238512340486029,-0.85,1.0,0.0,0.11225598597309128,0.0,1.0,0.0
472,article_56p4.txt,,,,,,,,
473,article_56p5.txt,0.016042929292929307,-0.85,1.0,0.0,0.08257588707588707,0.0,0.3333333333333333,0.0
474,article_56p6.txt,0.176318757223169,-0.7,0.8800000000000001,0.175,0.06050311997370821,0.0,0.3333333333333333,0.0
475,article_56p7.txt,,,,,,,,
476,article_56p8.txt,,,,,,,,
477,article_56p9.txt,0.10093468163780661,-1.0,1.0,0.0,0.10234204091625966,0.0,1.0,0.0
478,article_57p2.txt,0.07633220464452346,-0.75,0.9,0.012268518518518519,0.06853831344782432,0.0,0.5,0.0
479,article_57p3.txt,0.07540513888264753,-1.0,1.0,0.0,0.07126422939942464,0.0,0.5555555555555555,0.0
480,article_57p4.txt,,,,,,,,
481,article_57p5.txt,0.04021995190555797,-0.85,0.9,0.0,0.07357842774509442,0.0,0.4444444444444444,0.0
482,article_57p6.txt,,,,,,,,
483,article_57p7.txt,,,,,,,,
484,article_57p8.txt,,,,,,,,
485,article_57p9.txt,0.08326313015223431,-0.8333333333333334,1.0,0.011666666666666665,0.09760169187713193,0.0,1.0,0.0
486,article_58p0.txt,,,,,,,,
487,article_58p1.txt,0.0666002496958379,-1.0,1.0,0.0,0.12447544970617992,0.0,0.5333333333333333,0.04177489177489177
488,article_58p2.txt,,,,,,,,
489,article_58p3.txt,,,,,,,,
490,article_58p4.txt,0.07293388141960329,-1.0,1.0,0.0020833333333333294,0.07809430837454921,0.0,0.5,0.0
491,article_58p5.txt,0.10799741018209244,-0.7,1.0,0.03166666666666666,0.07113588501093866,0.0,1.0,0.0
492,article_58p6.txt,0.1101362433862434,-0.34285714285714286,1.0,0.0,0.12031746031746032,0.0,1.0,0.0
493,article_58p7.txt,0.13262082469754427,-1.0,0.7,0.15476190476190477,0.07633633513263144,0.0,0.5,0.0
494,article_58p8.txt,0.2074242424242424,-0.5,0.85,0.25,0.13636363636363635,0.0,0.6666666666666666,0.0
495,article_58p9.txt,0.07446789321789321,-1.0,1.0,0.09090909090909091,0.0931792413935271,0.0,0.6666666666666666,0.0
496,article_59p3.txt,0.1623236331569665,-0.2333333333333333,0.85,0.18194444444444444,0.042328042328042326,0.0,0.25,0.0
497,article_59p4.txt,0.049288670207787856,-1.0,1.0,0.0,0.08410334219157747,0.0,1.0,0.0
498,article_59p5.txt,,,,,,,,
499,article_59p6.txt,-0.0015392755392755462,-1.0,1.0,0.0,0.05736111111111112,0.0,0.8,0.0
500,article_59p7.txt,,,,,,,,
501,article_59p8.txt,,,,,,,,
502,article_59p9.txt,0.07446409433478396,-1.0,1.0,0.08333333333333333,0.10496309884240917,0.0,1.0,0.0
503,article_5p0.txt,0.12919108669108664,-0.5,1.0,0.09895833333333333,0.14472680097680096,0.0,1.0,0.010416666666666666
504,article_5p1.txt,0.13522806869056872,-0.5,1.0,0.06111111111111111,0.07551123691123691,0.0,0.5,0.0
505,article_5p2.txt,0.05949087042224296,-0.25,0.35,0.04583333333333333,0.045724400871459694,0.0,0.3333333333333333,0.0
506,article_5p3.txt,,,,,,,,
507,article_5p4.txt,,,,,,,,
508,article_5p5.txt,0.07760357789982975,-1.0,1.0,0.013157894736842105,0.08907599487972485,0.0,1.0,0.0
509,article_5p6.txt,0.09259702453431039,-1.0,1.0,0.0,0.08807995148205507,0.0,1.0,0.0
510,article_5p7.txt,0.07094126355871322,-1.0,1.0,0.05384615384615384,0.11056829139043896,0.0,1.0,0.0
511,article_5p8.txt,,,,,,,,
512,article_5p9.txt,0.07869734763388875,-1.0,1.0,0.04555555555555555,0.07951775406032212,0.0,0.8333333333333333,0.0
513,article_60p2.txt,0.13375157674902574,-0.9,0.85,0.11208333333333333,0.08549832631465286,0.0,1.0,0.0
514,article_60p3.txt,,,,,,,,
515,article_60p4.txt,,,,,,,,
516,article_60p5.txt,0.18398892773892775,-0.35,1.0,0.06346153846153846,0.04736097236097236,0.0,0.6,0.0
517,article_60p6.txt,0.09690532751562164,-0.7,1.0,0.0,0.08789822595704948,0.0,0.5,0.0
518,article_60p7.txt,0.11772236782194637,-1.0,1.0,0.08437499999999999,0.09259423402465007,0.0,1.0,0.0
519,article_60p8.txt,0.08249198957136514,-1.0,0.85,0.0875,0.090487092646221,0.0,1.0,0.0
520,article_60p9.txt,0.14278617216117218,-0.5,0.675,0.12555555555555553,0.11788156288156287,0.0,0.5,0.0
521,article_61p0.txt,,,,,,,,
522,article_61p1.txt,0.08884873700603538,-1.0,1.0,0.030555555555555558,0.07627340528367178,0.0,1.0,0.0
523,article_61p2.txt,0.010190546970610266,-1.0,0.7,0.0,0.11350427877326612,0.0,1.0,0.0
524,article_61p3.txt,,,,,,,,
525,article_61p4.txt,0.16349537037037035,-0.25,0.6333333333333333,0.14375,0.11180555555555555,0.0,0.5,0.05
526,article_61p5.txt,0.16702154692286272,-0.28703703703703703,1.0,0.0,0.07288011695906432,0.0,0.4,0.0
527,article_61p6.txt,0.00790103877603876,-1.0,0.7,0.0,0.13929645486788345,0.0,1.0,0.016666666666666666
528,article_61p7.txt,0.05027121494336249,-1.0,1.0,0.0,0.11829417231184514,0.0,1.0,0.0
529,article_61p8.txt,0.04729166666666666,-1.0,1.0,0.09479166666666666,0.07916666666666668,0.0,0.25,0.0
530,article_61p9.txt,0.08822800125252626,-0.38571428571428573,0.7,0.0725,0.08511166277485847,0.0,1.0,0.0
531,article_62p2.txt,-0.08064384920634919,-0.85,0.425,-0.04999999999999999,0.03269841269841269,0.0,0.25,0.0
532,article_62p3.txt,,,,,,,,
533,article_62p4.txt,0.09587924560505202,-1.0,1.0,0.09722222222222221,0.11918032087386925,0.0,1.0,0.0
534,article_62p5.txt,0.0942554051925227,-0.6,0.7333333333333334,0.06249999999999999,0.09979886647420308,0.0,1.0,0.0
535,article_62p6.txt,0.14460898180410373,-0.7,1.0,0.0875,0.10375653310104532,0.0,1.0,0.0
536,article_62p7.txt,0.09059741762866763,-1.0,1.0,0.0,0.09601080246913579,0.0,1.0,0.0
537,article_62p8.txt,0.03144516941391943,-0.6666666666666666,1.0,0.0,0.05488209706959707,0.0,0.65,0.0
538,article_62p9.txt,0.06395842352092351,-1.0,1.0,0.01723214285714286,0.10947738095238092,0.0,0.9,0.02
539,article_63p3.txt,0.08019220812914253,-0.7,1.0,0.025000000000000005,0.08344648312974104,0.0,0.6666666666666666,0.0
540,article_63p4.txt,0.10876749022582359,-0.7166666666666667,1.0,0.06111111111111109,0.06639691584136027,0.0,0.5,0.0
541,article_63p5.txt,,,,,,,,
542,article_63p6.txt,0.22672222222222221,-0.29999999999999993,1.0,0.2333333333333333,0.057222222222222216,0.0,0.45,0.0
543,article_63p7.txt,0.06915949470935778,-1.0,1.0,0.0,0.10195324972709725,0.0,1.0,0.0
544,article_63p8.txt,,,,,,,,
545,article_63p9.txt,0.06739502456283736,-1.0,1.0,0.007291666666666664,0.09030860895324072,0.0,0.8,0.0
546,article_64p2.txt,,,,,,,,
547,article_64p3.txt,,,,,,,,
548,article_64p4.txt,,,,,,,,
549,article_64p5.txt,0.03590583890170287,-1.0,1.0,0.0,0.09672165324463115,0.0,1.0,0.0
550,article_64p6.txt,,,,,,,,
551,article_64p7.txt,0.10932225072032274,-1.0,1.0,0.08333333333333333,0.06748712934736553,0.0,1.0,0.0
552,article_64p8.txt,,,,,,,,
553,article_64p9.txt,0.11259955001662167,-1.0,1.0,0.11388888888888889,0.10256139122315591,0.0,0.8,0.0
554,article_65p1.txt,,,,,,,,
555,article_65p2.txt,0.05834580350205349,-1.0,1.0,0.0,0.10219318875568877,0.0,0.6666666666666666,0.0
556,article_65p3.txt,0.12060321003401357,-0.6666666666666666,0.925,0.02666666666666667,0.08149801587301587,0.0,0.5,0.0
557,article_65p4.txt,0.06202149773497322,-0.85,1.0,0.015000000000000003,0.09568028681005086,0.0,0.5777777777777778,0.0
558,article_65p5.txt,0.118356756547546,-0.7,1.0,0.0,0.06370133278028016,0.0,0.625,0.0
559,article_65p6.txt,,,,,,,,
560,article_65p7.txt,,,,,,,,
561,article_65p8.txt,,,,,,,,
562,article_65p9.txt,0.04481771633384537,-1.0,0.7,0.0,0.07016129032258064,0.0,0.4,0.0
563,article_66p2.txt,0.04633678622964336,-1.0,1.0,0.0,0.06077453102453102,0.0,0.5,0.0
564,article_66p3.txt,-0.014323169971318122,-1.0,0.7,0.0,0.1504501808205512,0.0,1.0,0.0
565,article_66p4.txt,,,,,,,,
566,article_66p5.txt,,,,,,,,
567,article_66p6.txt,,,,,,,,
568,article_66p7.txt,,,,,,,,
569,article_66p8.txt,0.1055901415978815,-0.7,1.0,0.0625,0.09830463853821265,0.0,1.0,0.0
570,article_66p9.txt,0.044979852636572525,-1.0,1.0,0.0,0.0963728868460186,0.0,1.0,0.0
571,article_67p2.txt,,,,,,,,
572,article_67p3.txt,0.07912713014498728,-0.7,1.0,0.0,0.1265315055315055,0.0,1.0,0.0
573,article_67p4.txt,0.06408199522843773,-1.0,1.0,0.013333333333333341,0.06804204882908586,0.0,0.6666666666666666,0.0
574,article_67p5.txt,,,,,,,,
575,article_67p6.txt,0.07612839062497485,-1.0,1.0,0.037500000000000006,0.0877642858958154,0.0,1.0,0.0
576,article_67p7.txt,-0.015299731775426225,-0.85,0.6,0.0,0.07161320546737213,0.0,0.5,0.0
577,article_67p8.txt,0.08765103638751992,-1.0,1.0,0.0,0.11726998003598349,0.0,1.0,0.0
578,article_67p9.txt,0.08981762504042594,-1.0,1.0,0.0,0.08683586667961665,0.0,1.0,0.0
579,article_68p1.txt,,,,,,,,
580,article_68p2.txt,0.3435575006012506,-0.35,1.0,0.3238095238095238,0.04433658008658008,0.0,0.3333333333333333,0.0
581,article_68p3.txt,,,,,,,,
582,article_68p4.txt,,,,,,,,
583,article_68p5.txt,0.09867129629629628,-0.85,1.0,0.037500000000000006,0.08449523809523807,0.0,0.6666666666666666,0.0
584,article_68p6.txt,,,,,,,,
585,article_68p7.txt,0.09641387890799574,-1.0,1.0,0.05416666666666667,0.08116575833214819,0.0,1.0,0.0
586,article_68p8.txt,0.09281694590661518,-1.0,0.85,0.13999999999999999,0.08543470316505929,0.0,0.9,0.0
587,article_68p9.txt,0.05022813471766233,-0.5875,1.0,0.0,0.07077744448065304,0.0,0.4,0.0
588,article_69p0.txt,0.15776234567901234,-0.7,1.0,0.1,0.06948559670781893,0.0,0.3,0.0
589,article_69p1.txt,0.1546896701388889,-0.5,1.0,0.07916666666666669,0.0660094246031746,0.0,0.36,0.0
590,article_69p2.txt,0.09192433595211373,-0.5,0.675,0.1,0.0719884025439581,0.0,0.5,0.0
591,article_69p3.txt,0.08145017887205387,-0.44000000000000006,0.425,0.0069444444444444475,0.034794372294372294,0.0,0.18181818181818182,0.0
592,article_69p4.txt,,,,,,,,
593,article_69p5.txt,0.11900886071092924,-0.4666666666666666,1.0,0.0,0.10620644195309631,0.0,1.0,0.0
594,article_69p6.txt,0.09525,-0.19166666666666665,0.5666666666666667,0.0,0.06791666666666667,0.0,0.3333333333333333,0.0
595,article_69p7.txt,,,,,,,,
596,article_69p8.txt,,,,,,,,
597,article_69p9.txt,,,,,,,,
598,article_6p0.txt,0.08931115086727333,-0.4383333333333333,0.9,0.07333333333333333,0.1298130271089455,0.0,1.0,0.1111111111111111
599,article_6p1.txt,0.09965654255247015,-0.6111111111111112,0.7749999999999999,0.0,0.08895195208260817,0.0,0.6666666666666666,0.0
600,article_6p2.txt,0.09277425468050468,-0.7,0.8333333333333334,0.01565972222222221,0.08839679764679764,0.0,0.5,0.023809523809523808
601,article_6p3.txt,-0.022489748677248685,-0.675,0.7,0.0,0.09641997354497354,0.0,0.5,0.033999999999999996
602,article_6p4.txt,0.07139923878205129,-1.0,1.0,0.053125000000000006,0.08950943732193732,0.0,0.5,0.0
603,article_6p5.txt,0.14832371794871796,-0.21666666666666665,0.7,0.030769230769230764,0.14136752136752134,0.0,1.0,0.0
604,article_6p6.txt,-0.018542437291953543,-1.0,1.0,0.0,0.06957727729786552,0.0,0.5,0.0
605,article_6p7.txt,0.009613504774795101,-0.58,0.55,0.0,0.10645186354863773,0.0,0.6666666666666666,0.05
606,article_6p8.txt,0.04879261543054647,-1.0,1.0,0.0,0.08735435421857836,0.0,0.8,0.0
607,article_6p9.txt,0.05022456709956709,-1.0,1.0,0.0,0.08198734448734447,0.0,0.5,0.0
608,article_70p4.txt,0.09836052836052836,-0.45,0.5,0.09090909090909091,0.005128205128205128,0.0,0.06666666666666667,0.0
609,article_70p5.txt,,,,,,,,
610,article_70p6.txt,0.04001606097254829,-1.0,0.7,0.026190476190476177,0.08570034571616851,0.0,0.5,0.0
611,article_70p7.txt,0.10740079365079365,-0.25,0.85,0.03166666666666666,0.1549702380952381,0.0,1.0,0.02
612,article_70p8.txt,0.14323048048048048,-0.35,0.7999999999999999,0.09861111111111111,0.09057057057057058,0.0,0.5,0.027777777777777776
613,article_70p9.txt,0.06492273576097106,-0.4666666666666666,1.0,0.0,0.054545284780578907,0.0,0.5,0.0
614,article_71p3.txt,0.11091425708434548,-1.0,1.0,0.044444444444444446,0.08884496616147308,0.0,1.0,0.0
615,article_71p4.txt,,,,,,,,
616,article_71p5.txt,0.08770099423940962,-1.0,1.0,0.060714285714285714,0.07482566282886409,0.0,0.5,0.0
617,article_71p6.txt,,,,,,,,
618,article_71p7.txt,0.12351132320744392,-1.0,1.0,0.12916666666666665,0.08525451559934319,0.0,0.5,0.0
619,article_71p8.txt,0.04499140211640212,-0.2875,0.4666666666666666,0.0,0.061412698412698405,0.0,0.25,0.0
620,article_71p9.txt,0.14262402248289346,-0.5,0.75,0.175,0.07791422287390029,0.0,0.5,0.0
621,article_72p0.txt,0.051182134213789296,-0.8333333333333334,0.7333333333333334,0.023684210526315787,0.0980490314224488,0.0,0.5,0.05
622,article_72p1.txt,0.07438218962609207,-0.5666666666666667,0.6166666666666667,0.07999999999999999,0.057400979779028555,0.0,0.3333333333333333,0.0
623,article_72p2.txt,0.06684609460160562,-1.0,1.0,0.03854166666666666,0.09580997114664452,0.0,1.0,0.0
624,article_72p3.txt,,,,,,,,
625,article_72p4.txt,0.0913272175116002,-1.0,1.0,0.07500000000000001,0.08812832784622535,0.0,1.0,0.0
626,article_72p5.txt,0.07031417530176563,-1.0,1.0,0.0,0.09073901000436735,0.0,1.0,0.0
627,article_72p6.txt,,,,,,,,
628,article_72p7.txt,,,,,,,,
629,article_72p8.txt,0.06814357414824704,-1.0,1.0,0.0,0.061774588340008894,0.0,1.0,0.0
630,article_72p9.txt,0.10231069447981213,-1.0,1.0,0.03994708994708995,0.08026881207028266,0.0,1.0,0.0
631,article_73p1.txt,0.09586976757150047,-1.0,1.0,0.02666666666666666,0.07421942185659075,0.0,1.0,0.0
632,article_73p2.txt,0.1751984126984127,-0.5183333333333333,1.0,0.18333333333333332,0.09017857142857143,0.0,0.5,0.0
633,article_73p3.txt,0.05286998425315486,-1.0,1.0,0.0,0.10024053749966312,0.0,1.0,0.0
634,article_73p4.txt,0.0817274991047313,-1.0,1.0,0.055119047619047616,0.09653032978925834,0.0,1.0,0.0
635,article_73p5.txt,0.0615221497800445,-1.0,1.0,0.0,0.08105008733956104,0.0,0.6666666666666666,0.0
636,article_73p6.txt,0.04280087940382059,-1.0,1.0,0.0,0.10999587395175628,0.0,1.0,0.0
637,article_73p7.txt,0.09596525370206774,-1.0,1.0,0.07500000000000001,0.08368216814404787,0.0,1.0,0.0
638,article_73p8.txt,0.0873335204097588,-1.0,0.85,0.07500000000000001,0.0708682524046301,0.0,1.0,0.0
639,article_73p9.txt,0.16593685300207037,-0.3333333333333333,1.0,0.07500000000000001,0.12355072463768116,0.0,0.6666666666666666,0.0
640,article_74p4.txt,0.09997843354771065,-1.0,1.0,0.0,0.09616648411829136,0.0,1.0,0.0
641,article_74p5.txt,0.04139904191069443,-0.75,0.85,0.0,0.07750744672778571,0.0,1.0,0.0
642,article_74p6.txt,0.030020238095238096,-1.0,0.6666666666666666,0.0,0.11597014361300077,0.0,1.0,0.04
643,article_74p7.txt,,,,,,,,
644,article_74p8.txt,,,,,,,,
645,article_74p9.txt,,,,,,,,
646,article_75p6.txt,0.04922473115120174,-1.0,1.0,0.0,0.1619427631192337,0.0,1.0,0.0748663101604278
647,article_75p7.txt,,,,,,,,
648,article_75p8.txt,,,,,,,,
649,article_75p9.txt,0.10687974508344879,-1.0,1.0,0.008974358974358977,0.10048692391284984,0.0,1.0,0.0
650,article_76p2.txt,0.10069325797659133,-1.0,1.0,0.0,0.06038287638287637,0.0,0.5,0.0
651,article_76p3.txt,-0.0011205438459536898,-0.75,0.4625,0.0,0.13617876658860267,0.0,1.0,0.05555555555555555
652,article_76p4.txt,0.1040591006246369,-0.5,0.7,0.11666666666666665,0.07885879099941072,0.0,0.5333333333333333,0.0
653,article_76p5.txt,,,,,,,,
654,article_76p6.txt,0.10913256816899605,-1.0,1.0,0.05000000000000001,0.08648862089365009,0.0,1.0,0.0
655,article_76p7.txt,0.10039267858355046,-1.0,1.0,0.03333333333333333,0.08811430835121226,0.0,1.0,0.0
656,article_76p8.txt,0.08906707824038382,-1.0,1.0,0.0,0.07271127892233716,0.0,1.0,0.0
657,article_76p9.txt,,,,,,,,
658,article_77p3.txt,,,,,,,,
659,article_77p4.txt,0.12185982066583419,-1.0,1.0,0.08333333333333333,0.10343088002426896,0.0,1.0,0.0
660,article_77p5.txt,0.17355008848652917,-0.35,1.0,0.1361111111111111,0.10950334348639433,0.0,1.0,0.0
661,article_77p6.txt,0.10638917606190043,-1.0,1.0,0.05972222222222222,0.0914254187320084,0.0,0.8,0.0
662,article_77p7.txt,0.05503443714650611,-0.5,0.6666666666666666,0.0,0.053505747126436784,0.0,0.5,0.0
663,article_77p8.txt,0.052649202423592646,-1.0,1.0,0.009999999999999986,0.07704646166841288,0.0,1.0,0.0
664,article_77p9.txt,0.06920218848669454,-1.0,1.0,0.0,0.06940255893778179,0.0,1.0,0.0
665,article_78p3.txt,,,,,,,,
666,article_78p4.txt,,,,,,,,
667,article_78p5.txt,0.10225499231950846,-1.0,1.0,0.0016666666666666718,0.0657211748824652,0.0,0.6,0.0
668,article_78p6.txt,,,,,,,,
669,article_78p7.txt,0.05393337120500581,-1.0,1.0,0.0,0.07079040261732568,0.0,0.5,0.0
670,article_78p8.txt,,,,,,,,
671,article_78p9.txt,0.05510286690433748,-1.0,1.0,0.0,0.09127302436125967,0.0,1.0,0.0
672,article_79p2.txt,,,,,,,,
673,article_79p3.txt,,,,,,,,
674,article_79p4.txt,,,,,,,,
675,article_79p5.txt,,,,,,,,
676,article_79p6.txt,,,,,,,,
677,article_79p7.txt,,,,,,,,
678,article_79p8.txt,0.15666005291005292,-0.14583333333333331,0.5666666666666667,0.09375,0.05944664902998236,0.0,0.5,0.0
679,article_79p9.txt,,,,,,,,
680,article_7p0.txt,0.1979438565549676,-1.0,1.0,0.16666666666666666,0.12016754850088184,0.0,1.0,0.0
681,article_7p1.txt,-0.01695651455026455,-1.0,0.85,0.0,0.140916335978836,0.0,0.5,0.027999999999999997
682,article_7p2.txt,,,,,,,,
683,article_7p3.txt,,,,,,,,
684,article_7p4.txt,0.11233706234716256,-1.0,1.0,0.03273809523809523,0.09959546657547926,0.0,1.0,0.0
685,article_7p5.txt,0.07878426655917227,-1.0,1.0,0.0,0.10307529614085532,0.0,1.0,0.0
686,article_7p6.txt,0.07482390416600943,-1.0,1.0,0.0,0.0853156715644897,0.0,1.0,0.0
687,article_7p7.txt,,,,,,,,
688,article_7p8.txt,,,,,,,,
689,article_7p9.txt,0.04053149763550077,-1.0,1.0,0.0,0.07965789161924805,0.0,1.0,0.0
690,article_80p2.txt,,,,,,,,
691,article_80p3.txt,0.1297818930041152,-0.5,1.0,0.04642857142857144,0.09336463844797177,0.0,0.8035714285714286,0.0
692,article_80p4.txt,0.1296579138961712,-1.0,1.0,0.08499999999999999,0.08629392438764698,0.0,1.0,0.0
693,article_80p5.txt,,,,,,,,
694,article_80p6.txt,0.1281165913335031,-1.0,1.0,0.04583333333333334,0.08087068160597574,0.0,0.5,0.0
695,article_80p7.txt,0.07546039381139404,-1.0,1.0,0.055,0.07147294629479342,0.0,0.6,0.0
696,article_80p8.txt,0.053524465061350314,-1.0,1.0,0.03888888888888886,0.08092360735803358,0.0,0.5,0.0
697,article_80p9.txt,0.14353518009768007,-1.0,1.0,0.04920634920634921,0.10924145299145299,0.0,1.0,0.0
698,article_81p2.txt,,,,,,,,
699,article_81p3.txt,0.05124699756787911,-1.0,1.0,0.0,0.06222264683035418,0.0,0.5,0.0
700,article_81p4.txt,,,,,,,,
701,article_81p5.txt,0.011946316297849452,-1.0,0.7,0.0,0.08147699392458467,0.0,0.5,0.0
702,article_81p6.txt,0.046004833064676384,-1.0,1.0,0.0,0.1053408068622424,0.0,1.0,0.0
703,article_81p7.txt,,,,,,,,
704,article_81p8.txt,0.04870845866513972,-0.85,1.0,0.030882352941176465,0.0875587332332112,0.0,0.5,0.0
705,article_81p9.txt,0.08433057280883367,-0.85,0.5666666666666667,0.12,0.07509489302967565,0.0,0.3333333333333333,0.0
706,article_82p2.txt,,,,,,,,
707,article_82p3.txt,,,,,,,,
708,article_82p4.txt,,,,,,,,
709,article_82p5.txt,0.17180272714498906,-0.7,1.0,0.0851686507936508,0.08342387881078357,0.0,0.5,0.0
710,article_82p6.txt,,,,,,,,
711,article_82p7.txt,,,,,,,,
712,article_82p8.txt,0.09216422893393776,-0.85,1.0,0.061111111111111116,0.09683693870312009,0.0,1.0,0.0
713,article_82p9.txt,0.09199951004358245,-1.0,1.0,0.026666666666666675,0.10193802618512884,0.0,1.0,0.0
714,article_83p3.txt,0.09893619765072294,-1.0,1.0,0.04833333333333334,0.1084061051321113,0.0,1.0,0.0
715,article_83p4.txt,0.09913116009061333,-1.0,1.0,0.05833333333333333,0.078448036086887,0.0,1.0,0.0
716,article_83p5.txt,,,,,,,,
717,article_83p6.txt,,,,,,,,
718,article_83p7.txt,0.11401888341543515,-0.5,1.0,0.0875,0.11372126436781609,0.0,0.5,0.0
719,article_83p8.txt,,,,,,,,
720,article_83p9.txt,,,,,,,,
721,article_84p3.txt,0.3285,-0.011428571428571432,0.7,0.3607142857142857,0.07535714285714287,0.0,0.45,0.0
722,article_84p4.txt,,,,,,,,
723,article_84p5.txt,,,,,,,,
724,article_84p6.txt,0.21525641025641026,-0.08333333333333333,1.0,0.16333333333333333,0.09606837606837605,0.0,0.5,0.0
725,article_84p7.txt,0.04205280172413792,-1.0,1.0,0.0,0.06855290303566165,0.0,0.5,0.0
726,article_84p8.txt,0.1248805453125306,-0.7,1.0,0.0,0.10889038657421006,0.0,1.0,0.0
727,article_84p9.txt,0.04515548059026319,-1.0,1.0,0.0,0.09878274503274499,0.0,0.8,0.0
728,article_85p4.txt,0.01841431261770243,-1.0,1.0,0.0,0.08666666666666667,0.0,1.0,0.0
729,article_85p5.txt,,,,,,,,
730,article_85p6.txt,,,,,,,,
731,article_85p7.txt,0.11853223050226383,-1.0,0.7333333333333333,0.175,0.12255791624826033,0.0,1.0,0.0
732,article_85p8.txt,,,,,,,,
733,article_85p9.txt,0.034005116306252664,-1.0,1.0,0.0,0.0831990673467946,0.0,0.8,0.0
734,article_86p3.txt,,,,,,,,
735,article_86p4.txt,0.13034902597402598,-0.25,0.5,0.12,0.09442640692640693,0.0,0.5,0.0
736,article_86p5.txt,0.10009480589740154,-1.0,1.0,0.029166666666666664,0.10255959988200423,0.0,1.0,0.0
737,article_86p6.txt,,,,,,,,
738,article_86p7.txt,0.0518016451594883,-1.0,1.0,0.0,0.08783338121573415,0.0,1.0,0.0
739,article_86p8.txt,0.16298319327731092,-0.5,1.0,0.0,0.03387605042016807,0.0,0.5,0.0
740,article_86p9.txt,0.07584596889593886,-1.0,1.0,0.0,0.08020656780860862,0.0,1.0,0.0
741,article_87p3.txt,0.09578945199933571,-1.0,1.0,0.0,0.08055868571566246,0.0,0.6666666666666666,0.0
742,article_87p4.txt,0.05010902233739605,-1.0,1.0,0.0,0.09358751737817482,0.0,1.0,0.0
743,article_87p5.txt,0.024780280026990554,-1.0,1.0,0.02863636363636364,0.060883327199116676,0.0,0.5,0.0
744,article_87p6.txt,,,,,,,,
745,article_87p7.txt,,,,,,,,
746,article_87p8.txt,,,,,,,,
747,article_87p9.txt,,,,,,,,
748,article_88p1.txt,0.10984804055022372,-1.0,1.0,0.0875,0.08873781348678435,0.0,1.0,0.0
749,article_88p2.txt,0.046314487452745905,-1.0,1.0,0.0,0.09214957031886165,0.0,1.0,0.0
750,article_88p3.txt,0.0897207766439909,-1.0,1.0,0.0,0.0906394867037724,0.0,1.0,0.0
751,article_88p4.txt,,,,,,,,
752,article_88p5.txt,0.08599973032098829,-0.875,1.0,0.039583333333333345,0.05575577094526141,0.0,0.8,0.0
753,article_88p6.txt,0.06468544027644449,-1.0,1.0,0.0,0.08751710168028161,0.0,1.0,0.0
754,article_88p7.txt,0.13545479982979983,-1.0,1.0,0.07750000000000001,0.1463771645021645,0.0,1.0,0.0
755,article_88p8.txt,,,,,,,,
756,article_88p9.txt,0.06946527690640007,-1.0,1.0,0.0,0.10269460129242734,0.0,1.0,0.0
757,article_89p0.txt,,,,,,,,
758,article_89p1.txt,0.06983537245026214,-1.0,1.0,0.0,0.06511765603677366,0.0,1.0,0.0
759,article_89p2.txt,0.04511966338259439,-1.0,1.0,0.0,0.07139819376026273,0.0,1.0,0.0
760,article_89p3.txt,0.18844623244920863,-0.5,1.0,0.04645833333333334,0.0710971678233583,0.0,0.6333333333333333,0.0
761,article_89p4.txt,0.0994284834348833,-1.0,1.0,0.0,0.0761132007156577,0.0,1.0,0.0
762,article_89p5.txt,0.06683242394179892,-1.0,1.0,0.0,0.094828373015873,0.0,1.0,0.0
763,article_89p6.txt,0.07399257056152807,-1.0,1.0,0.0,0.07607242141144356,0.0,1.0,0.0
764,article_89p7.txt,0.08603377728377726,-1.0,1.0,0.0,0.07828542219167221,0.0,1.0,0.0
765,article_89p8.txt,,,,,,,,
766,article_89p9.txt,,,,,,,,
767,article_8p0.txt,0.09615742896992896,-1.0,1.0,0.049999999999999975,0.09258678571178572,0.0,1.0,0.0
768,article_8p1.txt,0.030731104481104474,-0.75,1.0,0.0,0.09420293670293672,0.0,0.5,0.05333333333333334
769,article_8p2.txt,0.1392737065018315,-0.44166666666666665,0.7999999999999999,0.0678174603174603,0.07011382922632924,0.0,0.3333333333333333,0.0
770,article_8p3.txt,0.08175297243316301,-1.0,1.0,0.0,0.087780714080205,0.0,0.6666666666666666,0.0
771,article_8p4.txt,,,,,,,,
772,article_8p5.txt,0.13609178519892806,-0.425,1.0,0.08750000000000001,0.10545486259771973,0.0,0.5,0.06666666666666667
773,article_8p6.txt,,,,,,,,
774,article_8p7.txt,-0.0013112143138577352,-1.0,1.0,0.0,0.0658005739288782,0.0,0.5,0.0
775,article_8p8.txt,,,,,,,,
776,article_8p9.txt,0.06846058440993683,-1.0,1.0,0.024166666666666666,0.07845032075027449,0.0,0.6666666666666666,0.0
777,article_90p0.txt,0.058155559289818595,-1.0,1.0,0.0,0.09986843917399471,0.0,0.6666666666666666,0.0
778,article_90p1.txt,0.15768094559761228,-0.5,1.0,0.0,0.039728327228327226,0.0,0.3333333333333333,0.0
779,article_90p2.txt,0.14222844847844843,-0.7,1.0,0.0,0.09931468531468532,0.0,1.0,0.0
780,article_90p3.txt,,,,,,,,
781,article_90p4.txt,0.09419109502106814,-1.0,1.0,0.0,0.10561784392429553,0.0,1.0,0.0
782,article_90p5.txt,0.13430162815579486,-1.0,1.0,0.09930555555555555,0.06147526085026086,0.0,0.4166666666666667,0.0
783,article_90p6.txt,-0.00854760946246453,-1.0,0.75,0.0,0.06586235021017628,0.0,1.0,0.0
784,article_90p7.txt,0.15552884615384616,-0.6083333333333333,0.85,0.0,0.05019230769230769,0.0,0.25,0.0
785,article_90p8.txt,0.11528557585825029,-1.0,1.0,0.0,0.09261323366555925,0.0,1.0,0.0
786,article_90p9.txt,0.10790240775178447,-1.0,1.0,0.0,0.086442105396399,0.0,1.0,0.0
787,article_91p3.txt,,,,,,,,
788,article_91p4.txt,0.07035081862558455,-1.0,1.0,0.0,0.07346002343313827,0.0,1.0,0.0
789,article_91p5.txt,0.02214215503909897,-1.0,1.0,0.0,0.08079773576097106,0.0,1.0,0.0
790,article_91p6.txt,0.14555527718263564,-1.0,1.0,0.0,0.06538364779874214,0.0,0.5,0.0
791,article_91p7.txt,0.10486260559895619,-0.7,1.0,0.00714285714285715,0.05641154290579577,0.0,0.5,0.0
792,article_91p8.txt,0.02539092082616179,-1.0,0.7,0.0,0.09468684260852935,0.0,1.0,0.0
793,article_91p9.txt,0.0340278065749764,-0.6833333333333332,0.75,0.0,0.07727140783744557,0.0,1.0,0.0
794,article_92p0.txt,0.10259620446187748,-1.0,1.0,0.03693181818181818,0.09052841634738182,0.0,1.0,0.0
795,article_92p1.txt,0.06348516298516298,-1.0,1.0,0.045833333333333316,0.10677366741003107,0.0,1.0,0.0
796,article_92p2.txt,0.10194101216544395,-0.675,1.0,0.04354166666666666,0.1304448571209935,0.0,1.0,0.0
797,article_92p3.txt,0.11048316052945681,-0.7,0.925,0.09999999999999999,0.09876075570520014,0.0,0.8,0.05555555555555555
798,article_92p4.txt,0.04469505494505494,-1.0,1.0,0.0,0.11590516890516891,0.0,1.0,0.0
799,article_92p5.txt,0.08620498971193415,-0.35,0.725,0.0412037037037037,0.07378086419753087,0.0,0.5,0.0
800,article_92p6.txt,0.03596858799636578,-0.41666666666666663,0.6666666666666666,0.0,0.08766534391534392,0.0,0.75,0.0
801,article_92p7.txt,0.06911703542009145,-0.575,0.9625,0.0,0.08370130074289665,0.0,1.0,0.0
802,article_92p8.txt,0.07203937650988218,-1.0,1.0,0.0,0.070885008529154,0.0,1.0,0.0
803,article_92p9.txt,0.064686511580451,-1.0,1.0,0.0,0.10739735012462287,0.0,1.0,0.0
804,article_93p1.txt,0.0771115774103172,-1.0,1.0,0.07321428571428572,0.10079367239300518,0.0,1.0,0.0
805,article_93p2.txt,0.0860679894179894,-0.425,0.7,0.0,0.11308383838383837,0.0,1.0,0.0
806,article_93p3.txt,0.04893812463256908,-0.85,1.0,0.0,0.0952087007642563,0.0,0.8,0.0
807,article_93p4.txt,0.08296346035476472,-0.36666666666666664,1.0,0.0,0.05928729972208233,0.0,0.3333333333333333,0.0
808,article_93p5.txt,,,,,,,,
809,article_93p6.txt,,,,,,,,
810,article_93p7.txt,0.0780350011428647,-1.0,1.0,0.0,0.07869242703017047,0.0,1.0,0.0
811,article_93p8.txt,0.054119011374049085,-0.85,1.0,0.014955357142857138,0.10494791322215609,0.0,1.0,0.025
812,article_93p9.txt,0.19227538185085358,-0.6666666666666666,1.0,0.10999999999999999,0.06889038634321654,0.0,0.5,0.0
813,article_94p2.txt,0.06253042328042328,-0.43333333333333335,1.0,0.005208333333333329,0.10435185185185186,0.0,0.625,0.0
814,article_94p3.txt,0.05852514453418068,-1.0,1.0,0.0,0.05048575253394531,0.0,1.0,0.0
815,article_94p4.txt,0.0005014960529666368,-1.0,0.75,0.0,0.07307171353389841,0.0,0.5,0.0
816,article_94p5.txt,,,,,,,,
817,article_94p6.txt,0.10701973307166479,-0.7,1.0,0.0,0.07951690052823872,0.0,0.5,0.0
818,article_94p7.txt,0.04248390952460959,-1.0,1.0,0.0,0.06132597667912498,0.0,0.6,0.0
819,article_94p8.txt,,,,,,,,
820,article_94p9.txt,0.08316602112587619,-1.0,1.0,0.04444444444444443,0.11438386612097234,0.0,1.0,0.0
821,article_95p0.txt,,,,,,,,
822,article_95p1.txt,,,,,,,,
823,article_95p2.txt,,,,,,,,
824,article_95p3.txt,0.08972285067873302,-1.0,1.0,0.0,0.07891327626621743,0.0,0.8,0.0
825,article_95p4.txt,0.08198875386501055,-1.0,1.0,0.0,0.094239958685553,0.0,1.0,0.0
826,article_95p5.txt,0.08946765318149116,-1.0,0.7749999999999999,0.0,0.1284851372242886,0.0,1.0,0.0
827,article_95p6.txt,0.009982604914111765,-1.0,0.7541666666666667,0.0,0.11642857142857145,0.0,0.5428571428571428,0.0
828,article_95p7.txt,,,,,,,,
829,article_95p8.txt,,,,,,,,
830,article_95p9.txt,,,,,,,,
831,article_96p1.txt,0.0952777777777778,-0.2,0.5666666666666667,0.0,0.052500000000000005,0.0,0.4,0.0
832,article_96p2.txt,,,,,,,,
833,article_96p3.txt,0.09494688358043865,-0.85,1.0,0.0,0.10148994657437958,0.0,1.0,0.0
834,article_96p4.txt,,,,,,,,
835,article_96p5.txt,,,,,,,,
836,article_96p6.txt,0.09850669997728824,-0.7,1.0,0.030000000000000006,0.06332116430155646,0.0,1.0,0.0
837,article_96p7.txt,-0.048065476190476186,-1.0,0.7,0.0,0.031712962962962964,0.0,0.3333333333333333,0.0
838,article_96p8.txt,0.05885248897256725,-1.0,1.0,0.01333333333333333,0.10270967230288862,0.0,1.0,0.0
839,article_96p9.txt,0.06773214285714285,-0.5666666666666667,0.425,0.10166666666666667,0.13106805685237058,0.0,0.5,0.06666666666666667
840,article_97p2.txt,0.07257149535198315,-1.0,0.7,0.02738095238095238,0.10847149237393144,0.0,1.0,0.0
841,article_97p3.txt,0.09758919112730084,-0.7,1.0,0.0,0.08433921092457679,0.0,1.0,0.0
842,article_97p4.txt,0.0858472340885662,-1.0,1.0,0.0,0.07825479113344076,0.0,1.0,0.0
843,article_97p5.txt,,,,,,,,
844,article_97p6.txt,,,,,,,,
845,article_97p7.txt,0.016788580246913574,-1.0,0.9,0.0,0.08080246913580247,0.0,0.45,0.0
846,article_97p8.txt,0.02971387242344812,-1.0,0.7,0.0,0.10917360862888383,0.0,1.0,0.0
847,article_97p9.txt,,,,,,,,
848,article_98p1.txt,0.12177975780088456,-1.0,1.0,0.0,0.06043755931079875,0.0,1.0,0.0
849,article_98p2.txt,0.09088939799507119,-1.0,1.0,0.0,0.08354506280032452,0.0,0.75,0.0
850,article_98p3.txt,0.0357946682946683,-1.0,1.0,0.0,0.0981903744403744,0.0,1.0,0.0
851,article_98p4.txt,0.07559514361300074,-0.85,1.0,0.0,0.06137074829931973,0.0,1.0,0.0
852,article_98p5.txt,,,,,,,,
853,article_98p6.txt,0.07152670021176513,-1.0,1.0,0.0,0.11883444837990294,0.0,1.0,0.0
854,article_98p7.txt,0.0380698974167019,-1.0,1.0,0.0,0.06631714567804793,0.0,1.0,0.0
855,article_98p8.txt,,,,,,,,
856,article_98p9.txt,0.16689891395154552,-0.25,0.7,0.15952380952380954,0.058646616541353384,0.0,0.3333333333333333,0.0
857,article_99p3.txt,0.1504070621838479,-0.4625,0.925,0.05416666666666667,0.07992134353741495,0.0,0.6666666666666666,0.0
858,article_99p4.txt,0.002199964605624985,-1.0,1.0,0.0,0.06490954014538919,0.0,1.0,0.0
859,article_99p5.txt,0.0694272494319933,-1.0,1.0,0.0,0.06308847488164372,0.0,1.0,0.0
860,article_99p6.txt,0.11461762760247611,-1.0,1.0,0.1,0.06951892477145004,0.0,0.7,0.0
861,article_99p7.txt,0.048780246677275374,-1.0,1.0,0.0,0.07371188648310151,0.0,0.7,0.0
862,article_99p8.txt,-0.08638020833333333,-1.0,0.425,0.0,0.1078125,0.0,1.0,0.0
863,article_99p9.txt,0.06347834607093865,-0.575,0.8999999999999999,0.0,0.09306290417401529,0.0,0.5,0.0
864,article_9p0.txt,0.02677139823088576,-1.0,1.0,0.0,0.09169655426970179,0.0,1.0,0.0
865,article_9p2.txt,,,,,,,,
866,article_9p3.txt,-0.01767857142857143,-0.375,0.2875,0.0,0.05630952380952381,0.0,0.375,0.0
867,article_9p4.txt,,,,,,,,
868,article_9p5.txt,0.10850358305715448,-0.45,1.0,0.024999999999999994,0.08234654742896502,0.0,0.5,0.0
869,article_9p6.txt,0.06037700485976348,-1.0,1.0,0.0,0.05866438606093779,0.0,1.0,0.0
870,article_9p7.txt,0.011849370902002481,-1.0,0.5249999999999999,0.0,0.07463466114781905,0.0,1.0,0.0
871,article_9p8.txt,0.03554041546887674,-0.7,1.0,0.0017156862745097954,0.1049045140257479,0.0,0.8,0.041666666666666664
872,article_9p9.txt,0.056427323833573836,-1.0,1.0,0.0,0.10617628667628667,0.0,0.7,0.034523809523809526
